projectId,responsecode,status
7,58836213471,0
7,58836213472,0
7,58836213473,0
7,58836213474,0
7,58836213475,0
7,58836213476,0
7,58836213477,0
7,58836213478,0
7,588362134710,0
7,588362134750,0
7,588362134761,0
7,588362134765,0
7,588362134768,0
7,588362134769,0
7,588362134771,0
7,588362134772,0
7,588362134773,0
7,588362134774,0
7,588362134776,0
7,588362134779,0
7,588362134781,0
7,58859227871,0
7,588592278787,0
7,588592278788,0
7,92866230071,0
7,00212171,0
7,002121792,0
7,002121793,0
7,94860228471,0
7,948602284795,0
7,100865229771,0
7,10086522977102,0
7,10086522977103,0
7,10086522977104,0
7,10086522977105,0
7,93867230371,0
7,9386723037107,0
7,9386723037108,0
7,9386723037109,0
7,9386723037110,0
7,9386723037111,0
7,9386723037112,0
7,928662300791,0
7,97862228771,0
7,9786222877115,0
7,9786222877116,0
7,9786222877117,0
7,9786222877118,0
7,588362134783,0
7,10086522977106,0
7,002121794,0
7,0021217122,0
7,588592278789,0
7,9386723037113,0
7,9386723037125,0
7,9386723037126,0
7,9386723037127,0
7,10086522977121,0
7,10086522977136,0
7,10086522977137,0
7,10086522977138,0
7,10086522977139,0
7,10086522977140,0
7,10086522977141,0
7,10086522977142,0
7,10086522977143,0
7,10086522977144,0
7,10086522977145,0
7,10086522977146,0
7,10086522977147,0
7,10086522977148,0
7,10086522977149,0
7,9286623007114,0
7,9286623007154,0
7,9286623007155,0
7,9286623007156,0
7,9286623007157,0
7,9286623007158,0
7,10086522977150,0
7,9386723037128,0
7,9386723037164,0
7,9386723037165,0
7,9386723037166,0
7,9386723037167,0
7,95863229071,0
7,9586322907169,0
7,9586322907170,0
7,9586322907171,0
7,9586322907172,0
7,9586322907173,0
7,5885922787124,0
7,9386723037168,0
7,9386723037176,0
7,9386723037177,0
7,9386723037178,0
7,9386723037179,0
7,10086522977163,0
7,10086522977181,0
7,10086522977182,0
7,948602284796,0
7,9486022847184,0
7,9486022847185,0
7,9486022847186,0
7,9486022847187,0
7,9486022847188,0
7,10086522977183,0
7,10086522977190,0
7,10086522977191,0
7,10086522977192,0
7,10086522977193,0
7,9486022847189,0
7,9486022847195,0
7,9486022847196,0
7,9486022847197,0
7,9286623007159,0
7,9286623007200,0
7,9286623007201,0
7,9286623007202,0
7,9286623007203,0
7,9286623007204,0
7,5885922787175,0
7,5885922787206,0
7,5885922787207,0
7,5885922787208,0
7,5885922787209,0
7,9286623007205,0
7,9286623007211,0
7,9286623007212,0
7,9286623007213,0
7,10086522977194,0
7,10086522977215,0
7,10086522977216,0
7,10086522977217,0
7,10086522977218,0
7,10086522977219,0
7,10086522977220,0
7,5883621347120,0
7,5883621347222,0
7,5883621347228,0
7,5883621347229,0
7,5883621347230,0
7,5883621347231,0
7,9386723037180,0
7,9386723037233,0
7,9386723037234,0
7,9386723037235,0
7,9386723037236,0
7,9486022847198,0
7,9486022847243,0
7,9486022847244,0
7,9286623007214,0
7,9286623007247,0
7,9286623007248,0
7,9286623007249,0
7,9286623007250,0
7,9386723037237,0
7,9386723037252,0
7,9386723037253,0
7,9386723037254,0
7,9386723037255,0
7,9386723037256,0
7,9386723037257,0
7,9386723037258,0
7,9386723037259,0
7,9386723037260,0
7,9386723037261,0
7,9386723037269,0
7,9386723037270,0
7,9386723037271,0
7,9386723037272,0
7,9786222877119,0
7,9786222877275,0
7,9786222877276,0
7,9786222877277,0
7,9786222877278,0
7,9486022847245,0
7,9486022847280,0
7,9486022847281,0
7,9486022847282,0
7,5883621347232,0
7,5883621347284,0
7,5883621347285,0
7,5883621347286,0
7,5883621347287,0
7,9486022847283,0
7,9486022847289,0
7,9486022847290,0
7,9486022847291,0
7,9486022847292,0
7,9486022847293,0
7,10086522977221,0
7,10086522977295,0
7,10086522977296,0
7,10086522977297,0
7,10086522977298,0
7,10086522977299,0
7,10086522977301,0
7,10086522977302,0
7,10086522977303,0
7,10086522977304,0
7,10086522977305,0
7,10086522977306,0
7,10086522977307,0
7,10086522977308,0
7,10086522977309,0
7,10086522977310,0
7,10086522977323,0
7,10086522977324,0
7,9786222877279,0
7,10086522977325,0
7,10086522977335,0
7,10086522977336,0
7,10086522977337,0
7,10086522977338,0
7,96864229471,0
7,9686422947346,0
7,9686422947347,0
7,9686422947348,0
7,9686422947349,0
7,9686422947350,0
7,5883621347288,0
7,9486022847294,0
7,9486022847354,0
7,98868230671,0
7,9386723037273,0
7,9386723037360,0
7,9386723037361,0
7,9386723037362,0
7,9386723037363,0
7,9386723037364,0
7,9386723037365,0
7,9286623007251,0
7,9286623007367,0
7,9286623007368,0
7,9286623007369,0
7,9286623007370,0
7,9286623007371,0
7,9286623007372,0
7,9286623007373,0
7,9386723037366,0
7,9386723037376,0
7,9386723037377,0
7,9386723037378,0
7,9386723037379,0
7,5883621347353,0
7,5883621347383,0
7,5883621347384,0
7,5883621347385,0
7,5883621347386,0
7,9486022847355,0
7,9486022847399,0
7,9486022847400,0
7,9486022847401,0
7,9786222877331,0
7,9786222877403,0
7,9786222877404,0
7,9786222877405,0
7,9786222877406,0
7,10086522977339,0
7,10086522977409,0
7,10086522977410,0
7,10086522977411,0
7,10086522977412,0
7,10086522977413,0
7,10086522977414,0
7,10086522977415,0
7,10086522977416,0
7,10086522977417,0
7,10086522977418,0
7,10086522977419,0
7,10086522977420,0
7,10086522977421,0
7,10086522977422,0
7,10086522977423,0
7,10086522977424,0
7,10086522977425,0
7,5883621347387,0
7,5883621347427,0
7,5883621347428,0
7,9786222877407,0
7,9786222877433,0
7,9286623007374,0
7,9286623007436,0
7,9286623007437,0
7,9286623007438,0
7,9286623007439,0
7,9286623007440,0
7,9286623007441,0
7,9286623007442,0
7,9286623007443,0
7,9286623007444,0
7,9286623007445,0
7,9486022847402,0
7,9486022847447,0
7,9486022847448,0
7,9486022847449,0
7,9486022847450,0
7,9286623007446,0
7,9286623007452,0
7,9286623007453,0
7,9286623007454,0
7,9286623007455,0
7,9286623007456,0
7,9386723037380,0
7,9386723037458,0
7,9386723037459,0
7,9386723037460,0
7,9386723037461,0
7,9386723037462,0
7,5883621347429,0
7,9686422947351,0
7,9686422947469,0
7,9686422947470,0
7,9686422947471,0
7,9686422947472,0
7,9386723037463,0
7,9386723037474,0
7,9386723037475,0
7,9386723037476,0
7,9386723037477,0
7,9486022847451,0
7,9386723037478,0
7,9386723037480,0
7,9386723037481,0
7,9386723037482,0
7,9386723037483,0
7,9386723037484,0
7,9386723037485,0
7,9386723037486,0
7,9386723037487,0
7,9386723037488,0
7,9886823067357,0
7,9886823067490,0
7,9886823067491,0
7,9786222877434,0
7,9786222877493,0
7,9786222877494,0
7,9786222877495,0
7,9786222877496,0
7,9786222877497,0
7,9786222877498,0
7,9786222877499,0
7,9786222877500,0
7,9786222877501,0
7,9486022847479,0
7,9486022847503,0
7,9486022847504,0
7,9486022847505,0
7,9386723037489,0
7,9386723037507,0
7,9386723037508,0
7,9386723037509,0
7,9386723037510,0
7,5885922787210,0
7,5885922787512,0
7,5885922787513,0
7,10086522977426,0
7,10086522977515,0
7,10086522977516,0
7,10086522977517,0
7,10086522977518,0
7,5885922787514,0
7,5885922787520,0
7,5885922787521,0
7,5885922787522,0
7,5885922787523,0
7,9286623007457,0
7,9286623007525,0
7,9286623007526,0
7,9286623007527,0
7,9286623007528,0
7,9286623007529,0
7,9286623007530,0
7,9286623007531,0
7,58859227971,0
7,5885922797537,0
7,5885922797538,0
7,5885922797539,0
7,5885922797540,0
7,9786222877502,0
7,9786222877542,0
7,9786222877543,0
7,9786222877544,0
7,9786222877545,0
7,9786222877546,0
7,9786222877547,0
7,9786222877548,0
7,9786222877549,0
7,9786222877550,0
7,10086522977519,0
7,10086522977552,0
7,10086522977553,0
7,10086522977554,0
7,10086522977555,0
7,10086522977556,0
7,10086522977557,0
7,9286623007532,0
7,9286623007559,0
7,9286623007560,0
7,9286623007561,0
7,9286623007562,0
7,9786222877551,0
7,9786222877564,0
7,9786222877565,0
7,10086522977558,0
7,10086522977567,0
7,10086522977568,0
7,10086522977569,0
7,10086522977570,0
7,5883621347464,0
7,5883621347574,0
7,5883621347575,0
7,5883621347576,0
7,5883621347577,0
7,5883621347578,0
7,5883621347579,0
7,5883621347580,0
7,5883621347581,0
7,5883621347582,0
7,5883621347583,0
7,5883621347584,0
7,5883621347585,0
7,5883621347586,0
7,5883621347587,0
7,9486022847506,0
7,9486022847589,0
7,9486022847590,0
7,9386723037511,0
7,9386723037593,0
7,9386723037594,0
7,9386723037595,0
7,9386723037596,0
7,9486022847591,0
7,113874233471,0
7,11387423347599,0
7,11387423347600,0
7,11387423347601,0
7,11387423347602,0
7,11387423347603,0
7,9486022847598,0
7,9486022847605,0
7,5885922797541,0
7,5885922797607,0
7,5885922797608,0
7,5885922797609,0
7,9386723037597,0
7,9386723037611,0
7,9386723037612,0
7,9386723037613,0
7,9386723037614,0
7,5883621347588,0
7,5885922797610,0
7,5885922797618,0
7,9286623007563,0
7,9286623007620,0
7,9286623007621,0
7,9286623007622,0
7,9286623007623,0
7,9786222877566,0
7,9786222877625,0
7,9786222877626,0
7,9786222877627,0
7,9786222877628,0
7,9786222877629,0
7,9786222877630,0
7,9786222877631,0
7,9786222877632,0
7,9786222877633,0
7,9386723037615,0
7,9386723037635,0
7,9386723037636,0
7,9386723037637,0
7,9386723037638,0
7,9386723037639,0
7,9386723037640,0
7,9386723037641,0
7,9486022847606,0
7,5885922797619,0
7,5885922787524,0
7,5885922787646,0
7,5885922787647,0
7,5885922787648,0
7,5885922787649,0
7,5885922787650,0
7,9386723037642,0
7,9386723037666,0
7,9386723037667,0
7,9386723037668,0
7,9386723037669,0
7,9686422947473,0
7,9686422947671,0
7,9686422947672,0
7,9686422947673,0
7,9686422947674,0
7,5885922787651,0
7,5885922787676,0
7,9786222877634,0
7,9786222877678,0
7,9786222877679,0
7,9786222877680,0
7,9786222877681,0
7,9786222877682,0
7,9786222877683,0
7,9786222877684,0
7,9786222877685,0
7,9786222877686,0
7,9786222877687,0
7,9786222877687,0
7,9786222877689,0
7,9786222877690,0
7,9786222877691,0
7,9786222877692,0
7,9786222877693,0
7,9786222877693,0
7,9286623007624,0
7,9286623007698,0
7,9286623007699,0
7,9286623007700,0
7,9286623007701,0
7,10086522977571,0
7,10086522977712,0
7,10086522977713,0
7,10086522977714,0
7,10086522977715,0
7,10086522977716,0
7,10086522977717,0
7,10086522977718,0
7,10086522977719,0
7,10086522977720,0
7,10086522977721,0
7,10086522977722,0
7,10086522977723,0
7,10086522977724,0
7,10086522977725,0
7,10086522977726,0
7,10086522977727,0
7,5883621347617,0
7,5883621347729,0
7,5883621347730,0
7,5883621347731,0
7,5883621347732,0
7,99869232071,0
7,9986923207735,0
7,9986923207736,0
7,9986923207737,0
7,9986923207738,0
7,9986923207739,0
7,9986923207740,0
7,9986923207741,0
7,11387423347604,0
7,11387423347743,0
7,11387423347744,0
7,11387423347745,0
7,11387423347746,0
7,11387423347747,0
7,11387423347748,0
7,11387423347749,0
7,11387423347750,0
7,11387423347751,0
7,9286623007702,0
7,9286623007753,0
7,9286623007754,0
7,9286623007755,0
7,9286623007756,0
7,9286623007757,0
7,9286623007758,0
7,9286623007759,0
7,9286623007760,0
7,9286623007761,0
7,9286623007762,0
7,9286623007763,0
7,9286623007764,0
7,9286623007765,0
7,9686422947675,0
7,9686422947767,0
7,9686422947768,0
7,9686422947769,0
7,9686422947770,0
7,9386723037670,0
7,9386723037772,0
7,9386723037773,0
7,9386723037774,0
7,9386723037775,0
7,5885922787677,0
7,5885922787777,0
7,5885922787778,0
7,5885922787779,0
7,5885922787780,0
7,5885922787781,0
7,5885922787782,0
7,5885922787783,0
7,9286623007766,0
7,9286623007785,0
7,9286623007786,0
7,9286623007787,0
7,9286623007788,0
7,9386723037776,0
7,9386723037790,0
7,9386723037791,0
7,9386723037792,0
7,9386723037793,0
7,9386723037794,0
7,9386723037795,0
7,9386723037796,0
7,9386723037797,0
7,9386723037798,0
7,9486022847643,0
7,9486022847800,0
7,9486022847801,0
7,9486022847802,0
7,9586322907174,0
7,9586322907804,0
7,9586322907805,0
7,9586322907806,0
7,9586322907807,0
7,9586322907808,0
7,10086522977728,0
7,10086522977810,0
7,10086522977811,0
7,10086522977812,0
7,10086522977813,0
7,10086522977814,0
7,10086522977815,0
7,10086522977816,0
7,10086522977817,0
7,10086522977818,0
7,10086522977819,0
7,10086522977820,0
7,10086522977821,0
7,10086522977822,0
7,5883621347733,0
7,5883621347824,0
7,5883621347825,0
7,5883621347826,0
7,5883621347827,0
7,5883621347828,0
7,5883621347829,0
7,5883621347830,0
7,5883621347831,0
7,5883621347832,0
7,10086522977823,0
7,10086522977834,0
7,10086522977835,0
7,10086522977836,0
7,10086522977837,0
7,10086522977838,0
7,10086522977839,0
7,10086522977840,0
7,10086522977841,0
7,10086522977842,0
7,9386723037799,0
7,9386723037844,0
7,9386723037845,0
7,9386723037846,0
7,9386723037847,0
7,9386723037848,0
7,9386723037849,0
7,9386723037850,0
7,9386723037851,0
7,9386723037852,0
7,9486022847803,0
7,9486022847854,0
7,9486022847855,0
7,9486022847856,0
7,9486022847857,0
7,9786222877695,0
7,9786222877859,0
7,9786222877860,0
7,9786222877861,0
7,9786222877862,0
7,9786222877863,0
7,9786222877864,0
7,9786222877865,0
7,9786222877866,0
7,9786222877867,0
7,9786222877868,0
7,9786222877869,0
7,9786222877870,0
7,9786222877871,0
7,9786222877872,0
7,9786222877873,0
7,9786222877874,0
7,9786222877875,0
7,10086522977843,0
7,10086522977879,0
7,10086522977880,0
7,10086522977881,0
7,10086522977882,0
7,10086522977883,0
7,10086522977884,0
7,10086522977885,0
7,10086522977886,0
7,10086522977887,0
7,10086522977888,0
7,5885922787784,0
7,9986923207742,0
7,9986923207891,0
7,9986923207892,0
7,9986923207893,0
7,9986923207894,0
7,9986923207895,0
7,9986923207896,0
7,9986923207897,0
7,9986923207905,0
7,9986923207906,0
7,9986923207907,0
7,9986923207908,0
7,9986923207909,0
7,5885922797644,0
7,5885922797911,0
7,5885922797912,0
7,9286623007789,0
7,9286623007914,0
7,9286623007915,0
7,9286623007916,0
7,9286623007917,0
7,5885922797913,0
7,5885922797919,0
7,5885922797920,0
7,5885922797921,0
7,5885922797922,0
7,5885922797923,0
7,10086522977889,0
7,10086522977927,0
7,10086522977928,0
7,10086522977929,0
7,10086522977930,0
7,10086522977931,0
7,10086522977932,0
7,10086522977933,0
7,10086522977934,0
7,5885922787890,0
7,5885922787936,0
7,5885922797924,0
7,9486022847858,0
7,9486022847939,0
7,9486022847940,0
7,10086522977935,0
7,10086522977942,0
7,10086522977943,0
7,10086522977944,0
7,10086522977945,0
7,11387423347752,0
7,11387423347948,0
7,11387423347949,0
7,11387423347950,0
7,11387423347951,0
7,11387423347952,0
7,11387423347953,0
7,11387423347954,0
7,11387423347955,0
7,11387423347956,0
7,10086522977946,0
7,10086522977958,0
7,10086522977959,0
7,10086522977960,0
7,10086522977961,0
7,9386723037853,0
7,9386723037963,0
7,9386723037964,0
7,9386723037965,0
7,9386723037966,0
7,10086522977962,0
7,10086522977968,0
7,10086522977969,0
7,10086522977970,0
7,10086522977971,0
7,10086522977972,0
7,10086522977974,0
7,10086522977975,0
7,10086522977976,0
7,10086522977977,0
7,10086522977978,0
7,5883621347833,0
7,5883621347980,0
7,5883621347981,0
7,5883621347982,0
7,5883621347983,0
7,5883621347984,0
7,5883621347985,0
7,5883621347986,0
7,5883621347987,0
7,5883621347988,0
7,5883621347989,0
7,5883621347990,0
7,9686422947771,0
7,9686422947992,0
7,9686422947993,0
7,9686422947994,0
7,9686422947995,0
7,9486022847941,0
7,9486022847997,0
7,9486022847998,0
7,9486022847999,0
7,9886823067492,0
7,98868230671001,0
7,98868230671002,0
7,9786222877876,0
7,9786222877876,0
7,97862228771005,0
7,97862228771006,0
7,97862228771007,0
7,97862228771008,0
7,97862228771009,0
7,97862228771009,0
7,97862228771011,0
7,97862228771012,0
7,97862228771013,0
7,97862228771014,0
7,97862228771015,0
7,97862228771016,0
7,97862228771017,0
7,97862228771018,0
7,97862228771019,0
7,97862228771020,0
7,97862228771021,0
7,97862228771022,0
7,98868230671003,0
7,98868230671024,0
7,9286623007918,0
7,92866230071026,0
7,92866230071027,0
7,92866230071028,0
7,92866230071029,0
7,92866230071030,0
7,9386723037967,0
7,93867230371033,0
7,93867230371034,0
7,93867230371035,0
7,93867230371036,0
7,5885922787937,0
7,58859227871038,0
7,58859227871039,0
7,58859227871040,0
7,58859227871041,0
7,58859227871042,0
7,58859227871043,0
7,58859227871044,0
7,58859227871045,0
7,58859227871046,0
7,58859227871047,0
7,9986923207910,0
7,99869232071051,0
7,99869232071052,0
7,99869232071053,0
7,99869232071054,0
7,5885922797938,0
7,58859227971069,0
7,92866230071031,0
7,92866230071074,0
7,92866230071075,0
7,92866230071076,0
7,92866230071077,0
7,92866230071078,0
7,92866230071079,0
7,10086522977979,0
7,100865229771081,0
7,100865229771082,0
7,100865229771083,0
7,100865229771084,0
7,98868230671025,0
7,98868230671086,0
7,98868230671087,0
7,98868230671088,0
7,98868230671089,0
7,98868230671090,0
7,98868230671091,0
7,98868230671092,0
7,100865229771085,0
7,100865229771094,0
7,100865229771095,0
7,100865229771096,0
7,97862228771023,0
7,100865229771097,0
7,97862228771098,0
7,97862228771100,0
7,97862228771101,0
7,93867230371037,0
7,93867230371103,0
7,93867230371104,0
7,93867230371105,0
7,93867230371106,0
7,93867230371107,0
7,93867230371108,0
7,93867230371109,0
7,93867230371110,0
7,93867230371111,0
7,93867230371112,0
7,93867230371113,0
7,93867230371114,0
7,93867230371115,0
7,94860228471000,0
7,94860228471117,0
7,93867230371116,0
7,93867230371119,0
7,93867230371120,0
7,93867230371121,0
7,93867230371122,0
7,93867230371123,0
7,93867230371124,0
7,93867230371125,0
7,93867230371126,0
7,93867230371127,0
7,94860228471118,0
7,94860228471132,0
7,94860228471133,0
7,58859227871048,0
7,9586322907809,0
7,95863229071136,0
7,95863229071137,0
7,95863229071138,0
7,95863229071139,0
7,94860228471134,0
7,92866230071080,0
7,11387423347957,0
7,99869232071055,0
7,99869232071144,0
7,99869232071145,0
7,99869232071146,0
7,99869232071147,0
7,99869232071148,0
7,99869232071149,0
7,99869232071150,0
7,99869232071151,0
7,99869232071152,0
7,99869232071153,0
7,99869232071154,0
7,99869232071155,0
7,99869232071156,0
7,99869232071157,0
7,99869232071158,0
7,99869232071159,0
7,99869232071160,0
7,113874233471143,0
7,113874233471162,0
7,113874233471163,0
7,113874233471164,0
7,99869232071161,0
7,99869232071166,0
7,99869232071167,0
7,99869232071168,0
7,99869232071169,0
7,58859227871135,0
7,58859227871171,0
7,58859227871172,0
7,58859227871173,0
7,58859227871174,0
7,58859227871175,0
7,58859227871176,0
7,94860228471141,0
7,94860228471178,0
7,94860228471179,0
7,94860228471180,0
7,94860228471181,0
7,9686422947996,0
7,93867230371128,0
7,93867230371184,0
7,93867230371185,0
7,93867230371186,0
7,93867230371187,0
7,96864229471183,0
7,96864229471189,0
7,96864229471190,0
7,96864229471191,0
7,92866230071142,0
7,58859227971070,0
7,92866230071194,0
7,92866230071196,0
7,93867230371188,0
7,93867230371198,0
7,93867230371199,0
7,93867230371200,0
7,93867230371201,0
7,93867230371202,0
7,93867230371203,0
7,93867230371204,0
7,93867230371205,0
7,93867230371206,0
7,5883621347991,0
7,58836213471208,0
7,58836213471209,0
7,58836213471210,0
7,58836213471211,0
7,58836213471212,0
7,58836213471213,0
7,58836213471214,0
7,58836213471215,0
7,58836213471216,0
7,58836213471217,0
7,58836213471218,0
7,58836213471219,0
7,58836213471220,0
7,58836213471221,0
7,58836213471222,0
7,98868230671093,0
7,98868230671224,0
7,98868230671225,0
7,98868230671226,0
7,98868230671227,0
7,98868230671228,0
7,98868230671229,0
7,98868230671230,0
7,98868230671231,0
7,98868230671232,0
7,98868230671233,0
7,98868230671234,0
7,94860228471182,0
7,94860228471236,0
7,94860228471237,0
7,94860228471238,0
7,92866230071197,0
7,92866230071240,0
7,92866230071241,0
7,92866230071242,0
7,92866230071243,0
7,105855234571,0
7,105855234571,0
7,105855234571247,0
7,105855234571248,0
7,105855234571249,0
7,105855234571250,0
7,105855234571251,0
7,105855234571252,0
7,105855234571253,0
7,105855234571254,0
7,105855234571255,0
7,105855234571256,0
7,105855234571257,0
7,105855234571258,0
7,105855234571258,0
7,105855234571260,0
7,105855234571260,0
7,105855234571262,0
7,105855234571262,0
7,105855234571264,0
7,105855234571265,0
7,105855234571266,0
7,105855234571267,0
7,105855234571268,0
7,105855234571269,0
7,105855234571270,0
7,105855234571271,0
7,105855234571272,0
7,105855234571273,0
7,105855234571274,0
7,105855234571275,0
7,105855234571276,0
7,105855234571277,0
7,105855234571278,0
7,105855234571279,0
7,105855234571280,0
7,105855234571281,0
7,105855234571282,0
7,105855234571283,0
7,105855234571284,0
7,105855234571285,0
7,58859227971195,0
7,58859227971287,0
7,58859227971290,0
7,58859227971291,0
7,58859227971292,0
7,58859227971293,0
7,58859227971294,0
7,58859227971295,0
7,99869232071170,0
7,99869232071297,0
7,99869232071298,0
7,99869232071299,0
7,99869232071300,0
7,99869232071301,0
7,99869232071302,0
7,99869232071303,0
7,99869232071304,0
7,99869232071305,0
7,99869232071306,0
7,99869232071307,0
7,99869232071308,0
7,99869232071309,0
7,99869232071310,0
7,99869232071311,0
7,97862228771102,0
7,97862228771331,0
7,97862228771332,0
7,97862228771333,0
7,97862228771334,0
7,97862228771335,0
7,97862228771336,0
7,97862228771337,0
7,97862228771338,0
7,97862228771339,0
7,97862228771340,0
7,97862228771341,0
7,97862228771342,0
7,97862228771343,0
7,97862228771344,0
7,93867230371207,0
7,93867230371348,0
7,93867230371349,0
7,95863229071140,0
7,92866230071244,0
7,92866230071352,0
7,92866230071353,0
7,92866230071354,0
7,94860228471239,0
7,94860228471356,0
7,94860228471357,0
7,94860228471358,0
7,98868230671235,0
7,92866230071355,0
7,92866230071361,0
7,92866230071362,0
7,92866230071363,0
7,92866230071364,0
7,92866230071365,0
7,92866230071366,0
7,58859227971296,0
7,58859227971368,0
7,58859227971369,0
7,58859227971370,0
7,58859227971371,0
7,58859227971371,0
7,58859227971373,0
7,58859227971376,0
7,58859227971377,0
7,58859227971378,0
7,95863229071351,0
7,95863229071380,0
7,95863229071381,0
7,95863229071382,0
7,95863229071383,0
7,119881236571,0
7,119881236571385,0
7,119881236571386,0
7,119881236571387,0
7,119881236571388,0
7,119881236571389,0
7,119881236571390,0
7,119881236571391,0
7,119881236571392,0
7,119881236571393,0
7,119881236571394,0
7,58859227871177,0
7,95863229071384,0
7,97862228771345,0
7,97862228771400,0
7,97862228771401,0
7,97862228771402,0
7,97862228771403,0
7,95863229071397,0
7,95863229071405,0
7,95863229071406,0
7,96864229471192,0
7,95863229071407,0
7,92866230071367,0
7,92866230071410,0
7,95863229071409,0
7,95863229071412,0
7,92866230071411,0
7,92866230071411,0
7,95863229071413,0
7,98868230671360,0
7,98868230671417,0
7,98868230671418,0
7,98868230671419,0
7,98868230671420,0
7,98868230671421,0
7,98868230671422,0
7,98868230671423,0
7,98868230671424,0
7,98868230671425,0
7,98868230671426,0
7,98868230671427,0
7,92866230071415,0
7,92866230071429,0
7,94860228471359,0
7,94860228471431,0
7,94860228471432,0
7,94860228471433,0
7,94860228471434,0
7,94860228471435,0
7,95863229071416,0
7,95863229071437,0
7,95863229071438,0
7,95863229071439,0
7,95863229071440,0
7,58859227971379,0
7,58859227971442,0
7,58859227971443,0
7,116878235171,0
7,116878235171,0
7,116878235171448,0
7,116878235171449,0
7,116878235171450,0
7,116878235171451,0
7,116878235171452,0
7,116878235171453,0
7,116878235171454,0
7,116878235171455,0
7,116878235171456,0
7,98868230671428,0
7,95863229071441,0
7,95863229071459,0
7,95863229071460,0
7,105855234571286,0
7,105855234571463,0
7,105855234571464,0
7,105855234571465,0
7,105855234571466,0
7,97862228771404,0
7,96864229471408,0
7,96864229471469,0
7,96864229471470,0
7,94860228471436,0
7,94860228471472,0
7,96864229471471,0
7,105855234571467,0
7,105855234571475,0
7,105855234571476,0
7,105855234571477,0
7,105855234571478,0
7,92866230071430,0
7,92866230071480,0
7,92866230071481,0
7,92866230071482,0
7,92866230071483,0
7,95863229071461,0
7,95863229071461,0
7,95863229071510,0
7,95863229071511,0
7,95863229071512,0
7,95863229071513,0
7,95863229071514,0
7,95863229071515,0
7,95863229071518,0
7,95863229071519,0
7,95863229071520,0
7,95863229071521,0
7,94860228471473,0
7,94860228471473,0
7,94860228471524,0
7,94860228471525,0
7,94860228471526,0
7,94860228471527,0
7,94860228471528,0
7,94860228471529,0
7,94860228471530,0
7,94860228471531,0
7,94860228471532,0
7,94860228471533,0
7,58836213471223,0
7,58836213471223,0
7,58836213471536,0
7,98868230671458,0
7,98868230671540,0
7,98868230671541,0
7,98868230671542,0
7,98868230671543,0
7,95863229071522,0
7,95863229071545,0
7,95863229071546,0
7,95863229071547,0
7,95863229071548,0
7,93867230371350,0
7,93867230371553,0
7,93867230371554,0
7,93867230371555,0
7,93867230371556,0
7,58859227971444,0
7,119881236571395,0
7,119881236571559,0
7,119881236571560,0
7,119881236571561,0
7,119881236571562,0
7,119881236571563,0
7,119881236571564,0
7,119881236571565,0
7,119881236571566,0
7,116878235171457,0
7,116878235171457,0
7,116878235171572,0
7,116878235171573,0
7,116878235171574,0
7,116878235171575,0
7,116878235171576,0
7,116878235171577,0
7,116878235171578,0
7,116878235171579,0
7,116878235171580,0
7,93867230371557,0
7,93867230371586,0
7,93867230371587,0
7,93867230371588,0
7,93867230371589,0
7,96864229471474,0
7,98868230671544,0
7,98868230671594,0
7,98868230671595,0
7,98868230671596,0
7,98868230671597,0
7,98868230671598,0
7,98868230671599,0
7,98868230671601,0
7,98868230671602,0
7,98868230671603,0
7,98868230671604,0
7,98868230671605,0
7,98868230671606,0
7,96864229471593,0
7,96864229471608,0
7,96864229471609,0
7,96864229471610,0
7,96864229471614,0
7,92866230071484,0
7,92866230071484,0
7,92866230071620,0
7,92866230071621,0
7,92866230071622,0
7,92866230071623,0
7,97862228771468,0
7,97862228771625,0
7,97862228771626,0
7,97862228771627,0
7,97862228771628,0
7,97862228771629,0
7,97862228771630,0
7,97862228771631,0
7,94860228471534,0
7,58859227971558,0
7,58859227971635,0
7,58859227971636,0
7,58859227971637,0
7,58859227971637,0
7,117879235671,0
7,117879235671,0
7,117879235671641,0
7,117879235671644,0
7,117879235671645,0
7,117879235671646,0
7,94860228471633,0
7,94860228471648,0
7,94860228471649,0
7,92866230071624,0
7,94860228471650,0
7,94860228471650,0
7,94860228471658,0
7,95863229071549,0
7,95863229071662,0
7,95863229071666,0
7,95863229071667,0
7,95863229071668,0
7,58859228071,0
7,58859228071670,0
7,58859228071671,0
7,92866230071656,0
7,92866230071656,0
7,92866230071674,0
7,92866230071675,0
7,92866230071676,0
7,92866230071677,0
7,92866230071678,0
7,94860228471659,0
7,94860228471659,0
7,94860228471682,0
7,94860228471683,0
7,94860228471684,0
7,94860228471685,0
7,94860228471686,0
7,92866230071679,0
7,92866230071692,0
7,92866230071693,0
7,92866230071694,0
7,96885237571,0
7,96885237571696,0
7,96885237571697,0
7,96885237571698,0
7,96885237571699,0
7,113874233471165,0
7,113874233471165,0
7,113874233471702,0
7,113874233471703,0
7,113874233471704,0
7,113874233471713,0
7,113874233471714,0
7,113874233471715,0
7,113874233471716,0
7,113874233471717,0
7,113874233471718,0
7,58859227871396,0
7,93867230371590,0
7,93867230371721,0
7,93867230371722,0
7,93867230371723,0
7,99869232071312,0
7,99869232071725,0
7,99869232071726,0
7,99869232071727,0
7,99869232071729,0
7,99869232071730,0
7,99869232071731,0
7,99869232071732,0
7,93867230371724,0
7,93867230371724,0
7,93867230371735,0
7,93867230371736,0
7,93867230371737,0
7,93867230371738,0
7,58859227871720,0
7,58859227871740,0
7,98868230671607,0
7,98868230671607,0
7,98868230671743,0
7,98868230671744,0
7,98868230671745,0
7,98868230671746,0
7,98868230671747,0
7,98868230671748,0
7,98868230671749,0
7,98868230671750,0
7,98868230671751,0
7,99869232071733,0
7,99869232071733,0
7,99869232071754,0
7,92866230071695,0
7,92866230071759,0
7,92866230071760,0
7,92866230071761,0
7,92866230071762,0
7,99869232071755,0
7,99869232071764,0
7,99869232071765,0
7,99869232071766,0
7,92866230071763,0
7,92866230071768,0
7,92866230071769,0
7,92866230071770,0
7,92866230071771,0
7,58859227871741,0
7,58859227871741,0
7,116878235171581,0
7,116878235171581,0
7,98868230671752,0
7,98868230671777,0
7,99869232071767,0
7,98868230671778,0
7,98868230671778,0
7,98868230671781,0
7,98868230671781,0
7,98868230671784,0
7,116878235171776,0
7,116878235171786,0
7,116878235171787,0
7,116878235171788,0
7,116878235171789,0
7,116878235171790,0
7,116878235171791,0
7,58836213471539,0
7,116878235171792,0
7,116878235171794,0
7,58836213471793,0
7,58836213471796,0
7,58836213471797,0
7,58836213471798,0
7,58836213471799,0
7,58836213471800,0
7,58836213471801,0
7,58836213471802,0
7,58836213471803,0
7,58836213471804,0
7,58836213471805,0
7,58836213471806,0
7,58836213471807,0
7,58836213471808,0
7,58836213471809,0
7,58836213471810,0
7,100865229771099,0
7,100865229771099,0
7,100865229771813,0
7,100865229771814,0
7,100865229771815,0
7,100865229771816,0
7,100865229771817,0
7,100865229771818,0
7,100865229771819,0
7,100865229771819,0
7,100865229771821,0
7,100865229771822,0
7,100865229771822,0
7,100865229771823,0
7,100865229771825,0
7,100865229771826,0
7,100865229771827,0
7,100865229771828,0
7,100865229771829,0
7,100865229771830,0
7,113874233471719,0
7,113874233471832,0
7,113874233471833,0
7,113874233471834,0
7,113874233471835,0
7,113874233471836,0
7,100865229771831,0
7,100865229771838,0
7,100865229771839,0
7,100865229771840,0
7,100865229771841,0
7,100865229771842,0
7,100865229771843,0
7,100865229771844,0
7,100865229771845,0
7,100865229771846,0
7,100865229771847,0
7,100865229771848,0
7,100865229771849,0
7,100865229771851,0
7,58859227871774,0
7,58859227871853,0
7,58859227871854,0
7,58859227971639,0
7,58859227971856,0
7,58859227971856,0
7,117879235671647,0
7,117879235671647,0
7,117879235671861,0
7,117879235671862,0
7,117879235671863,0
7,95863229071669,0
7,95863229071669,0
7,95863229071866,0
7,95863229071867,0
7,95863229071868,0
7,95863229071869,0
7,99869232071779,0
7,99869232071779,0
7,99869232071871,0
7,99869232071873,0
7,92866230071772,0
7,92866230071875,0
7,92866230071876,0
7,92866230071877,0
7,92866230071878,0
7,92866230071879,0
7,92866230071880,0
7,92866230071881,0
7,92866230071882,0
7,92866230071883,0
7,92866230071884,0
7,92866230071885,0
7,94860228471687,0
7,96864229471615,0
7,96864229471891,0
7,96864229471892,0
7,96864229471893,0
7,58859227871855,0
7,100865229771852,0
7,100865229771896,0
7,100865229771897,0
7,100865229771898,0
7,100865229771899,0
7,100865229771900,0
7,100865229771901,0
7,100865229771902,0
7,100865229771903,0
7,100865229771904,0
7,113874233471837,0
7,113874233471837,0
7,113874233471908,0
7,98868230671785,0
7,113874233471910,0
7,113874233471915,0
7,113874233471916,0
7,99869232071874,0
7,99869232071918,0
7,99869232071919,0
7,99869232071920,0
7,99869232071921,0
7,99869232071922,0
7,99869232071923,0
7,99869232071924,0
7,99869232071925,0
7,98868230671914,0
7,98868230671927,0
7,94860228471889,0
7,99869232071926,0
7,99869232071926,0
7,98868230671928,0
7,98868230671932,0
7,98868230671933,0
7,98868230671934,0
7,58859227871895,0
7,99869232071931,0
7,99869232071945,0
7,99869232071946,0
7,99869232071947,0
7,99869232071948,0
7,99869232071949,0
7,96864229471894,0
7,96864229471894,0
7,96864229471952,0
7,96864229471953,0
7,96864229471954,0
7,58836213471811,0
7,96864229471954,0
7,96864229471957,0
7,117879235671864,0
7,98868230671935,0
7,98868230671962,0
7,98868230671963,0
7,99869232071950,0
7,99869232071965,0
7,99869232071966,0
7,99869232071967,0
7,99869232071968,0
7,99869232071969,0
7,100865229771905,0
7,100865229771971,0
7,100865229771972,0
7,100865229771973,0
7,100865229771974,0
7,100865229771975,0
7,100865229771976,0
7,100865229771977,0
7,100865229771978,0
7,100865229771979,0
7,92866230071886,0
7,92866230071886,0
7,92866230071982,0
7,92866230071983,0
7,92866230071984,0
7,92866230071985,0
7,92866230071986,0
7,92866230071987,0
7,92866230071988,0
7,92866230071989,0
7,92866230071990,0
7,92866230071991,0
7,92866230071992,0
7,99869232071970,0
7,99869232071994,0
7,99869232071995,0
7,99869232071996,0
7,99869232071997,0
7,99869232071998,0
7,99869232071998,0
7,99869232072000,0
7,99869232072001,0
7,99869232072002,0
7,99869232072003,0
7,99869232072004,0
7,99869232072005,0
7,99869232072006,0
7,99869232072007,0
7,99869232072008,0
7,99869232072009,0
7,117879235671961,0
7,117879235672011,0
7,117879235672012,0
7,117879235672013,0
7,117879235672014,0
7,117879235672015,0
7,117879235672016,0
7,117879235672017,0
7,117879235672018,0
7,113874233471917,0
7,113874233471917,0
7,113874233472021,0
7,113874233472022,0
7,113874233472023,0
7,113874233472024,0
7,99869232072010,0
7,99869232072026,0
7,99869232072027,0
7,94860228471929,0
7,94860228471929,0
7,58859227871942,0
7,99869232072028,0
7,99869232072032,0
7,99869232072033,0
7,99869232072034,0
7,99869232072035,0
7,99869232072036,0
7,99869232072037,0
7,99869232072038,0
7,99869232072039,0
7,99869232072040,0
7,117879235672019,0
7,117879235672042,0
7,117879235672043,0
7,117879235672044,0
7,99869232072041,0
7,99869232072046,0
7,99869232072047,0
7,99869232072048,0
7,99869232072049,0
7,99869232072050,0
7,99869232072051,0
7,99869232072052,0
7,99869232072053,0
7,117879235672045,0
7,117879235672055,0
7,117879235672056,0
7,117879235672057,0
7,117879235672057,0
7,96864229471958,0
7,96864229471958,0
7,96864229472061,0
7,96864229472062,0
7,96864229472066,0
7,58836213471956,0
7,94860228472030,0
7,94860228472069,0
7,94860228472070,0
7,96864229472067,0
7,58836213472068,0
7,58836213472077,0
7,58859227872031,0
7,58859227872079,0
7,58859227872080,0
7,58859227872081,0
7,58836213472078,0
7,95863229071870,0
7,95863229071870,0
7,95863229071870,0
7,95863229072086,0
7,95863229072086,0
7,95863229072088,0
7,58859227872082,0
7,58859227872082,0
7,95863229072089,0
7,95863229072089,0
7,58836213472083,0
7,94860228472071,0
7,58836213472098,0
7,58836213472103,0
7,94860228472100,0
7,94860228472100,0
7,94860228472106,0
7,94860228472106,0
7,96864229472072,0
7,96864229472072,0
7,58836213472104,0
7,96864229472112,0
7,96864229472120,0
7,96864229472121,0
7,96864229472122,0
7,98868230671964,0
7,98868230672124,0
7,98868230672125,0
7,98868230672126,0
7,98868230672127,0
7,98868230672128,0
7,98868230672129,0
7,98868230672130,0
7,98868230672131,0
7,98868230672132,0
7,95863229072095,0
7,95863229072134,0
7,95863229072135,0
7,95863229072136,0
7,95863229072137,0
7,95863229072138,0
7,95863229072139,0
7,95863229072140,0
7,95863229072141,0
7,95863229072142,0
7,95863229072143,0
7,58836213472113,0
7,58836213472145,0
7,58836213472146,0
7,98868230672133,0
7,98868230672133,0
7,98868230672161,0
7,98868230672162,0
7,98868230672163,0
7,98868230672164,0
7,98868230672165,0
7,98868230672166,0
7,98868230672167,0
7,98868230672168,0
7,97862228771632,0
7,96864229472123,0
7,96864229472123,0
7,96864229472172,0
7,96864229472173,0
7,97862228772170,0
7,96864229472174,0
7,96864229472176,0
7,97862228772175,0
7,97862228772178,0
7,97862228772179,0
7,94860228472109,0
7,94860228472183,0
7,94860228472184,0
7,94860228472185,0
7,58859227872093,0
7,94860228472186,0
7,94860228472188,0
7,94860228472189,0
7,58836213472147,0
7,58836213472191,0
7,58836213472192,0
7,99869232072054,0
7,99869232072201,0
7,99869232072202,0
7,99869232072203,0
7,58836213472193,0
7,58836213472205,0
7,58836213472206,0
7,58836213472207,0
7,58836213472208,0
7,58836213472209,0
7,94860228472190,0
7,94860228472211,0
7,94860228472212,0
7,94860228472213,0
7,94860228472214,0
7,94860228472215,0
7,94860228472216,0
7,58836213472210,0
7,58836213472238,0
7,58836213472239,0
7,58836213472240,0
7,58836213472241,0
7,58836213472242,0
7,58836213472243,0
7,58836213472244,0
7,58836213472245,0
7,58836213472246,0
7,58836213472247,0
7,58836213472248,0
7,58836213472249,0
7,58836213472250,0
7,94860228472217,0
7,94860228472252,0
7,94860228472253,0
7,94860228472254,0
7,94860228472255,0
7,94860228472256,0
7,94860228472257,0
7,94860228472258,0
7,94860228472259,0
7,94860228472260,0
7,94860228472261,0
7,94860228472262,0
7,94860228472263,0
7,94860228472264,0
7,94860228472265,0
7,94860228472266,0
7,94860228472267,0
7,94860228472268,0
7,94860228472269,0
7,94860228472270,0
7,94860228472271,0
7,94860228472272,0
7,94860228472273,0
7,94860228472274,0
7,94860228472275,0
7,94860228472276,0
7,94860228472277,0
7,94860228472278,0
7,94860228472279,0
7,94860228472280,0
7,94860228472281,0
7,94860228472282,0
7,94860228472283,0
7,94860228472284,0
7,94860228472285,0
7,94860228472286,0
7,94860228472287,0
7,94860228472288,0
7,94860228472289,0
7,94860228472290,0
7,94860228472291,0
7,94860228472292,0
7,94860228472293,0
7,94860228472294,0
7,94860228472295,0
7,94860228472296,0
7,94860228472297,0
7,94860228472298,0
7,94860228472299,0
7,94860228472300,0
7,94860228472301,0
7,94860228472302,0
7,94860228472303,0
7,94860228472304,0
7,94860228472305,0
7,94860228472306,0
7,94860228472307,0
7,94860228472308,0
7,94860228472309,0
7,94860228472310,0
7,94860228472311,0
7,94860228472312,0
7,100865229771980,0
7,100865229772314,0
7,100865229772315,0
7,100865229772316,0
7,100865229772317,0
7,58859227872187,0
7,58859227872319,0
7,58859227872320,0
7,58859227872321,0
7,58859227872322,0
7,58859227872323,0
7,58859227872324,0
7,58859227872325,0
7,58859227872326,0
7,58859227872327,0
7,58859227872328,0
7,58836213472251,0
7,58836213472330,0
7,58836213472331,0
7,58836213472332,0
7,58836213472333,0
7,100865229772318,0
7,100865229772335,0
7,100865229772336,0
7,100865229772337,0
7,100865229772338,0
7,95863229072144,0
7,95863229072340,0
7,95863229072341,0
7,95863229072342,0
7,95863229072343,0
7,58836213472334,0
7,58836213472345,0
7,58836213472346,0
7,58836213472347,0
7,58836213472348,0
7,58836213472349,0
7,58836213472350,0
7,58836213472351,0
7,98868230672169,0
7,98868230672354,0
7,98868230672355,0
7,98868230672356,0
7,98868230672357,0
7,93867230371739,0
7,93867230372364,0
7,93867230372365,0
7,93867230372366,0
7,93867230372367,0
7,100865229772339,0
7,100865229772369,0
7,100865229772370,0
7,100865229772371,0
7,100865229772372,0
7,100865229772373,0
7,100865229772374,0
7,100865229772375,0
7,100865229772376,0
7,100865229772377,0
7,100865229772378,0
7,100865229772379,0
7,98868230672358,0
7,98868230672381,0
7,98868230672382,0
7,98868230672383,0
7,58859227971858,0
7,58859227972385,0
7,58859227971858,0
7,58859227972387,0
7,58859227972388,0
7,58859227972389,0
7,98868230672384,0
7,97862228772180,0
7,97862228772392,0
7,97862228772393,0
7,97862228772394,0
7,97862228772395,0
7,93867230372368,0
7,93867230372397,0
7,93867230372398,0
7,93867230372399,0
7,93867230372400,0
7,96864229472177,0
7,96864229472402,0
7,96864229472403,0
7,96864229472404,0
7,96864229472405,0
7,58859227972390,0
7,58859227972390,0
7,58859227972408,0
7,92866230071993,0
7,92866230072417,0
7,92866230072418,0
7,92866230072419,0
7,92866230072420,0
7,92866230072421,0
7,92866230072422,0
7,92866230072423,0
7,92866230072424,0
7,92866230072425,0
7,58859227972410,0
7,58859227972427,0
7,94860228472313,0
7,94860228472429,0
7,94860228472430,0
7,94860228472431,0
7,94860228472432,0
7,94860228472438,0
7,94860228472439,0
7,94860228472440,0
7,94860228472441,0
7,98868230672391,0
7,98868230672391,0
7,98868230672451,0
7,98868230672452,0
7,98868230672453,0
7,98868230672454,0
7,96864229472406,0
7,100865229772380,0
7,58859227872329,0
7,58859227872466,0
7,58859227872467,0
7,58859227872468,0
7,58859227872469,0
7,58859227872470,0
7,58859227872471,0
7,58859227872472,0
7,58859227872473,0
7,58859227872474,0
7,96864229472462,0
7,96864229472476,0
7,100865229772463,0
7,100865229772480,0
7,100865229772481,0
7,100865229772482,0
7,100865229772483,0
7,95863229072344,0
7,95863229072485,0
7,95863229072486,0
7,95863229072487,0
7,95863229072488,0
7,95863229072489,0
7,95863229072490,0
7,95863229072491,0
7,95863229072492,0
7,95863229072493,0
7,95863229072494,0
7,95863229072495,0
7,95863229072496,0
7,95863229072497,0
7,95863229072498,0
7,95863229072499,0
7,95863229072500,0
7,95863229072501,0
7,95863229072502,0
7,95863229072503,0
7,95863229072504,0
7,93867230372401,0
7,93867230372506,0
7,93867230372507,0
7,93867230372508,0
7,93867230372509,0
7,93867230372510,0
7,93867230372511,0
7,93867230372512,0
7,93867230372513,0
7,93867230372514,0
7,92866230072426,0
7,92866230072516,0
7,92866230072517,0
7,92866230072518,0
7,92866230072519,0
7,105855234571479,0
7,105855234571479,0
7,94860228472442,0
7,95863229072505,0
7,95863229072505,0
7,95863229072533,0
7,95863229072534,0
7,95863229072535,0
7,95863229072536,0
7,95863229072537,0
7,100865229772484,0
7,100865229772539,0
7,100865229772540,0
7,100865229772541,0
7,100865229772542,0
7,100865229772543,0
7,95863229072538,0
7,95863229072545,0
7,95863229072546,0
7,95863229072547,0
7,95863229072548,0
7,95863229072549,0
7,95863229072550,0
7,97862228772396,0
7,97862228772552,0
7,97862228772553,0
7,97862228772554,0
7,97862228772555,0
7,105855234572522,0
7,105855234572557,0
7,105855234572558,0
7,105855234572559,0
7,105855234572560,0
7,97862228772556,0
7,97862228772562,0
7,97862228772563,0
7,94860228472523,0
7,94860228472565,0
7,94860228472566,0
7,94860228472567,0
7,94860228472568,0
7,94860228472569,0
7,94860228472570,0
7,94860228472571,0
7,94860228472572,0
7,94860228472573,0
7,94860228472574,0
7,94860228472575,0
7,94860228472576,0
7,94860228472577,0
7,94860228472578,0
7,94860228472579,0
7,94860228472580,0
7,94860228472581,0
7,94860228472582,0
7,94860228472583,0
7,94860228472584,0
7,94860228472585,0
7,94860228472586,0
7,92866230072520,0
7,92866230072588,0
7,92866230072589,0
7,92866230072590,0
7,92866230072591,0
7,92866230072592,0
7,92866230072593,0
7,92866230072594,0
7,100865229772544,0
7,100865229772596,0
7,100865229772597,0
7,100865229772598,0
7,100865229772599,0
7,100865229772600,0
7,100865229772601,0
7,100865229772602,0
7,100865229772603,0
7,100865229772604,0
7,105855234572561,0
7,105855234572606,0
7,105855234572607,0
7,105855234572608,0
7,94860228472587,0
7,94860228472610,0
7,94860228472611,0
7,100865229772605,0
7,100865229772605,0
7,100865229772614,0
7,100865229772615,0
7,100865229772616,0
7,100865229772617,0
7,94860228472612,0
7,94860228472612,0
7,94860228472620,0
7,94860228472621,0
7,94860228472622,0
7,94860228472623,0
7,105855234572609,0
7,105855234572609,0
7,105855234572609,0
7,105855234572627,0
7,105855234572628,0
7,105855234572629,0
7,95863229072551,0
7,95863229072636,0
7,95863229072637,0
7,95863229072638,0
7,95863229072639,0
7,93867230372515,0
7,93867230372641,0
7,93867230372642,0
7,93867230372643,0
7,93867230372644,0
7,93867230372645,0
7,93867230372646,0
7,93867230372647,0
7,93867230372648,0
7,93867230372649,0
7,94860228472624,0
7,94860228472651,0
7,94860228472652,0
7,94860228472653,0
7,94860228472654,0
7,94860228472655,0
7,94860228472656,0
7,94860228472657,0
7,94860228472658,0
7,94860228472659,0
7,116878235171795,0
7,116878235172661,0
7,116878235172662,0
7,116878235172663,0
7,116878235172664,0
7,116878235172665,0
7,116878235172666,0
7,116878235172667,0
7,116878235172668,0
7,116878235172669,0
7,93867230372650,0
7,93867230372671,0
7,93867230372672,0
7,93867230372673,0
7,93867230372674,0
7,93867230372675,0
7,93867230372676,0
7,93867230372677,0
7,93867230372678,0
7,93867230372679,0
7,98868230672455,0
7,98868230672681,0
7,98868230672682,0
7,98868230672683,0
7,98868230672684,0
7,97862228772564,0
7,97862228772564,0
7,94860228472660,0
7,94860228472660,0
7,94860228472689,0
7,97862228772687,0
7,97862228772691,0
7,97862228772692,0
7,97862228772693,0
7,92866230072595,0
7,92866230072595,0
7,92866230072595,0
7,92866230072697,0
7,92866230072698,0
7,92866230072699,0
7,92866230072700,0
7,92866230072701,0
7,92866230072714,0
7,92866230072715,0
7,92866230072716,0
7,92866230072717,0
7,92866230072718,0
7,92866230072719,0
7,92866230072720,0
7,92866230072721,0
7,92866230072722,0
7,94860228472690,0
7,94860228472724,0
7,95863229072640,0
7,95863229072726,0
7,95863229072727,0
7,95863229072728,0
7,95863229072729,0
7,94860228472725,0
7,94860228472731,0
7,92866230072723,0
7,92866230072723,0
7,94860228472732,0
7,94860228472735,0
7,94860228472736,0
7,58859227872475,0
7,58859227872475,0
7,58859227872740,0
7,58859227872741,0
7,58859227872742,0
7,58859227872743,0
7,58859227872744,0
7,98868230672685,0
7,98868230672685,0
7,98868230672747,0
7,98868230672747,0
7,98868230672749,0
7,98868230672749,0
7,98868230672751,0
7,98868230672751,0
7,98868230672753,0
7,98868230672753,0
7,100865229772618,0
7,100865229772756,0
7,100865229772757,0
7,100865229772758,0
7,100865229772759,0
7,97862228772694,0
7,97862228772694,0
7,93867230372680,0
7,93867230372763,0
7,93867230372764,0
7,93867230372765,0
7,93867230372766,0
7,98868230672755,0
7,98868230672755,0
7,98868230672769,0
7,98868230672770,0
7,98868230672771,0
7,98868230672772,0
7,58836213472352,0
7,58859227872745,0
7,108858237871,0
7,108858237872776,0
7,108858237872777,0
7,108858237872778,0
7,108858237872779,0
7,108858237872780,0
7,108858237872781,0
7,108858237872782,0
7,108858237872783,0
7,108858237872784,0
7,100865229772760,0
7,100865229772786,0
7,100865229772787,0
7,100865229772788,0
7,100865229772789,0
7,108858227471,0
7,108858227472791,0
7,108858227472792,0
7,108858227472793,0
7,117879235672059,0
7,117879235672059,0
7,117879235672798,0
7,117879235672799,0
7,117879235672800,0
7,117879235672801,0
7,58859227972428,0
7,58859227972803,0
7,58859227972804,0
7,97862228772762,0
7,97862228772806,0
7,97862228772807,0
7,97862228772808,0
7,119881236571569,0
7,119881236571569,0
7,100865229772790,0
7,100865229772818,0
7,100865229772819,0
7,100865229772820,0
7,100865229772821,0
7,119881236572811,0
7,121882236971,0
7,121882236972824,0
7,121882236972825,0
7,95863229072730,0
7,119881236572823,0
7,119881236572828,0
7,121882236972826,0
7,121882236972830,0
7,100865229772822,0
7,100865229772832,0
7,100865229772833,0
7,100865229772834,0
7,100865229772835,0
7,58859227872775,0
7,58859227872842,0
7,58859227872843,0
7,58859227872844,0
7,58859227872845,0
7,94860228472737,0
7,94860228472847,0
7,94860228472848,0
7,58859227872846,0
7,58859227872850,0
7,58859227872851,0
7,58859227872852,0
7,58859227872853,0
7,58859227872854,0
7,58859227872855,0
7,58859227872856,0
7,58859227872857,0
7,58859227872858,0
7,117879235672802,0
7,117879235672860,0
7,117879235672861,0
7,117879235672862,0
7,117879235672863,0
7,108858227472794,0
7,58859227972805,0
7,58859227972866,0
7,58859227972867,0
7,58859227972868,0
7,58859227972869,0
7,97862228772809,0
7,97862228772871,0
7,97862228772872,0
7,97862228772873,0
7,97862228772874,0
7,121882236972831,0
7,121882236972876,0
7,121882236972877,0
7,121882236972878,0
7,121882236972879,0
7,94860228472849,0
7,58859227972870,0
7,58859227972882,0
7,58859227972883,0
7,108858227472865,0
7,108858227472887,0
7,108858227472888,0
7,108858227472889,0
7,58859227872859,0
7,58859227872895,0
7,99869232072204,0
7,99869232072204,0
7,99869232072204,0
7,99869232072899,0
7,99869232072900,0
7,99869232072900,0
7,99869232072902,0
7,99869232072903,0
7,99869232072904,0
7,99869232072905,0
7,99869232072905,0
7,99869232072905,0
7,100865229772836,0
7,100865229772836,0
7,100865229772912,0
7,100865229772913,0
7,100865229772914,0
7,100865229772915,0
7,96864229472477,0
7,96864229472917,0
7,96864229472918,0
7,96864229472919,0
7,96864229472920,0
7,97862228772875,0
7,97862228772875,0
7,97862228772923,0
7,97862228772923,0
7,97862228772925,0
7,97862228772926,0
7,97862228772927,0
7,97862228772928,0
7,97862228772929,0
7,97862228772930,0
7,97862228772931,0
7,97862228772932,0
7,94860228472881,0
7,94860228472934,0
7,94860228472935,0
7,94860228472936,0
7,94860228472937,0
7,94860228472938,0
7,94860228472939,0
7,94860228472940,0
7,94860228472941,0
7,94860228472942,0
7,94860228472943,0
7,97862228772933,0
7,97862228772945,0
7,97862228772946,0
7,100865229772916,0
7,100865229772916,0
7,100865229772949,0
7,100865229772950,0
7,121882236972880,0
7,121882236972880,0
7,121882236972953,0
7,121882236972954,0
7,100865229772951,0
7,121882236972955,0
7,100865229772956,0
7,121882236972957,0
7,98868230672773,0
7,93867230372767,0
7,93867230372961,0
7,93867230372962,0
7,93867230372963,0
7,93867230372964,0
7,93867230372965,0
7,116878235172670,0
7,116878235172670,0
7,116878235172968,0
7,116878235172969,0
7,116878235172970,0
7,116878235172971,0
7,96864229472921,0
7,96864229472973,0
7,96864229472974,0
7,96864229472975,0
7,96864229472976,0
7,93867230372966,0
7,93867230372998,0
7,93867230372999,0
7,93867230373000,0
7,93867230373001,0
7,117879235672864,0
7,117879235672864,0
7,117879235673004,0
7,117879235673005,0
7,117879235673006,0
7,117879235673007,0
7,100865229772958,0
7,100865229773009,0
7,100865229773010,0
7,100865229773011,0
7,100865229773012,0
7,94860228472944,0
7,94860228472944,0
7,94860228473015,0
7,94860228473016,0
7,94860228473017,0
7,94860228473018,0
7,99869232072908,0
7,99869232073020,0
7,99869232073021,0
7,99869232073022,0
7,99869232073023,0
7,99869232073024,0
7,99869232073025,0
7,99869232073026,0
7,99869232073027,0
7,99869232073028,0
7,116878235172972,0
7,116878235173030,0
7,116878235173031,0
7,116878235173032,0
7,116878235173033,0
7,116878235173034,0
7,116878235173035,0
7,116878235173036,0
7,116878235173037,0
7,116878235173038,0
7,116878235173039,0
7,97862228772947,0
7,97862228773041,0
7,97862228773042,0
7,97862228773043,0
7,97862228773044,0
7,94860228473019,0
7,94860228473046,0
7,94860228473047,0
7,94860228473048,0
7,94860228473049,0
7,94860228473050,0
7,94860228473051,0
7,94860228473052,0
7,94860228473053,0
7,94860228473054,0
7,94860228473055,0
7,95863229072827,0
7,95863229073057,0
7,121882236972959,0
7,95863229073058,0
7,95863229073060,0
7,108858237872785,0
7,108858237873062,0
7,108858237873063,0
7,108858237873064,0
7,108858237873065,0
7,108858237873066,0
7,98868230672960,0
7,98868230673068,0
7,98868230673069,0
7,98868230673070,0
7,98868230673071,0
7,98868230673072,0
7,98868230673073,0
7,98868230673074,0
7,100865229773013,0
7,100865229773013,0
7,100865229773013,0
7,100865229773080,0
7,116878235173040,0
7,100865229773083,0
7,116878235173084,0
7,116878235173087,0
7,100865229773086,0
7,116878235173089,0
7,100865229773090,0
7,116878235173092,0
7,98868230673075,0
7,98868230673108,0
7,98868230673109,0
7,98868230673110,0
7,100865229773093,0
7,100865229773116,0
7,100865229773117,0
7,100865229773118,0
7,100865229773119,0
7,100865229773120,0
7,100865229773121,0
7,100865229773122,0
7,100865229773123,0
7,100865229773124,0
7,96864229472977,0
7,93867230373002,0
7,93867230373127,0
7,93867230373128,0
7,93867230373129,0
7,93867230373130,0
7,100865229773125,0
7,100865229773125,0
7,100865229773133,0
7,100865229773134,0
7,100865229773135,0
7,100865229773136,0
7,93867230373131,0
7,93867230373163,0
7,93867230373164,0
7,93867230373165,0
7,93867230373166,0
7,94860228473056,0
7,105855234572630,0
7,94860228473168,0
7,105855234573169,0
7,105855234573171,0
7,105855234573172,0
7,105855234573173,0
7,94860228473170,0
7,105855234573174,0
7,105855234573176,0
7,94860228473175,0
7,105855234573177,0
7,105855234573179,0
7,94860228473178,0
7,105855234573180,0
7,94860228473181,0
7,94860228473183,0
7,97862228773045,0
7,97862228773185,0
7,97862228773186,0
7,97862228773187,0
7,97862228773188,0
7,97862228773189,0
7,97862228773190,0
7,97862228773191,0
7,97862228773192,0
7,97862228773193,0
7,94860228473184,0
7,94860228473203,0
7,94860228473204,0
7,94860228473205,0
7,95863229073061,0
7,95863229073207,0
7,95863229073208,0
7,95863229073209,0
7,95863229073210,0
7,96864229473126,0
7,96864229473212,0
7,96864229473213,0
7,96864229473214,0
7,58836213472774,0
7,58836213472774,0
7,92866230072734,0
7,95863229073211,0
7,95863229073211,0
7,95863229073220,0
7,105855234573182,0
7,105855234573182,0
7,105855234573223,0
7,105855234573224,0
7,105855234573225,0
7,105855234573226,0
7,94860228473206,0
7,94860228473206,0
7,94860228473206,0
7,116878235173095,0
7,116878235173232,0
7,116878235173233,0
7,116878235173234,0
7,116878235173235,0
7,93867230373167,0
7,93867230373237,0
7,93867230373238,0
7,93867230373239,0
7,93867230373240,0
7,93867230373241,0
7,93867230373242,0
7,93867230373243,0
7,93867230373244,0
7,93867230373245,0
7,94860228473230,0
7,94860228473230,0
7,94860228473248,0
7,94860228473249,0
7,94860228473250,0
7,94860228473251,0
7,98868230673111,0
7,98868230673111,0
7,93867230373246,0
7,93867230373270,0
7,93867230373271,0
7,93867230373272,0
7,93867230373273,0
7,100865229773137,0
7,100865229773275,0
7,100865229773276,0
7,100865229773277,0
7,100865229773278,0
7,92866230073218,0
7,92866230073280,0
7,92866230073281,0
7,92866230073282,0
7,92866230073283,0
7,92866230073284,0
7,92866230073285,0
7,100865229773279,0
7,100865229773279,0
7,100865229773288,0
7,100865229773289,0
7,94860228473252,0
7,94860228473292,0
7,94860228473293,0
7,94860228473294,0
7,94860228473295,0
7,94860228473296,0
7,94860228473297,0
7,94860228473298,0
7,94860228473299,0
7,94860228473300,0
7,94860228473301,0
7,94860228473302,0
7,98868230673269,0
7,98868230673304,0
7,98868230673305,0
7,98868230673306,0
7,98868230673307,0
7,98868230673308,0
7,97862228773194,0
7,97862228773310,0
7,97862228773311,0
7,97862228773312,0
7,97862228773313,0
7,92866230073286,0
7,92866230073316,0
7,92866230073317,0
7,92866230073318,0
7,92866230073319,0
7,92866230073320,0
7,92866230073321,0
7,92866230073322,0
7,96864229473215,0
7,96864229473215,0
7,96864229473325,0
7,96864229473326,0
7,96864229473327,0
7,96864229473328,0
7,116878235173236,0
7,116878235173330,0
7,116878235173331,0
7,116878235173332,0
7,116878235173333,0
7,94860228473303,0
7,94860228473303,0
7,98868230673309,0
7,98868230673337,0
7,98868230673338,0
7,93867230373274,0
7,93867230373340,0
7,93867230373341,0
7,93867230373342,0
7,93867230373343,0
7,98868230673339,0
7,98868230673345,0
7,94860228473336,0
7,94860228473349,0
7,95863229073221,0
7,95863229073351,0
7,95863229073399,0
7,95863229073400,0
7,95863229073401,0
7,95863229073402,0
7,95863229073403,0
7,95863229073404,0
7,95863229073405,0
7,92866230073323,0
7,92866230073407,0
7,92866230073408,0
7,92866230073409,0
7,92866230073410,0
7,95863229073406,0
7,95863229073412,0
7,95863229073413,0
7,95863229073414,0
7,95863229073415,0
7,95863229073416,0
7,95863229073417,0
7,94860228473350,0
7,94860228473419,0
7,94860228473420,0
7,94860228473421,0
7,94860228473422,0
7,94860228473423,0
7,94860228473424,0
7,94860228473425,0
7,94860228473426,0
7,94860228473427,0
7,100865229773290,0
7,100865229773429,0
7,100865229773430,0
7,100865229773431,0
7,100865229773432,0
7,100865229773433,0
7,94860228473428,0
7,108858227472890,0
7,108858227473436,0
7,108858227473437,0
7,108858227473438,0
7,108858227473439,0
7,93867230373344,0
7,93867230373441,0
7,93867230373442,0
7,93867230373443,0
7,93867230373444,0
7,94860228473435,0
7,94860228473447,0
7,94860228473448,0
7,94860228473449,0
7,96864229473329,0
7,96864229473451,0
7,96864229473452,0
7,96864229473453,0
7,96864229473454,0
7,93867230373445,0
7,93867230373456,0
7,93867230373457,0
7,93867230373458,0
7,93867230373459,0
7,93867230373460,0
7,93867230373461,0
7,93867230373462,0
7,93867230373463,0
7,94860228473450,0
7,100865229773434,0
7,94860228473450,0
7,100865229773466,0
7,94860228473467,0
7,100865229773468,0
7,94860228473469,0
7,94860228473471,0
7,100865229773470,0
7,100865229773473,0
7,94860228473472,0
7,100865229773474,0
7,100865229773476,0
7,100865229773477,0
7,100865229773478,0
7,100865229773479,0
7,100865229773480,0
7,100865229773481,0
7,100865229773482,0
7,100865229773483,0
7,94860228473475,0
7,94860228473475,0
7,94860228473486,0
7,94860228473487,0
7,94860228473488,0
7,94860228473489,0
7,94860228473490,0
7,94860228473491,0
7,94860228473492,0
7,94860228473493,0
7,94860228473494,0
7,95863229073418,0
7,95863229073496,0
7,95863229073497,0
7,95863229073498,0
7,97862228773314,0
7,92866230073411,0
7,92866230073411,0
7,92866230073502,0
7,92866230073503,0
7,92866230073504,0
7,92866230073505,0
7,92866230073506,0
7,92866230073507,0
7,92866230073508,0
7,92866230073509,0
7,92866230073510,0
7,92866230073511,0
7,92866230073512,0
7,92866230073513,0
7,92866230073514,0
7,92866230073515,0
7,108858227473440,0
7,108858227473440,0
7,108858227473518,0
7,108858227473519,0
7,108858227473520,0
7,108858227473521,0
7,97862228773500,0
7,97862228773523,0
7,93867230373464,0
7,93867230373464,0
7,93867230373526,0
7,93867230373527,0
7,93867230373528,0
7,93867230373529,0
7,92866230073516,0
7,92866230073531,0
7,92866230073532,0
7,92866230073532,0
7,92866230073534,0
7,92866230073535,0
7,95863229073499,0
7,95863229073499,0
7,95863229073538,0
7,58859227972884,0
7,58859227973540,0
7,95863229073539,0
7,97862228773524,0
7,97862228773543,0
7,97862228773544,0
7,58859227973541,0
7,95863229073542,0
7,95863229073542,0
7,95863229073548,0
7,95863229073549,0
7,95863229073550,0
7,95863229073551,0
7,95863229073551,0
7,97862228773545,0
7,97862228773554,0
7,97862228773555,0
7,97862228773556,0
7,97862228773557,0
7,97862228773558,0
7,97862228773559,0
7,97862228773560,0
7,97862228773561,0
7,58859227973546,0
7,58859227973563,0
7,58859227973564,0
7,96864229473455,0
7,95863229073553,0
7,95863229073567,0
7,96864229473566,0
7,95863229073568,0
7,95863229073570,0
7,96864229473569,0
7,95863229073571,0
7,108858237873067,0
7,108858237873067,0
7,108858237873575,0
7,108858237873576,0
7,99869232073029,0
7,99869232073578,0
7,99869232073579,0
7,108858237873577,0
7,108858237873581,0
7,108858237873582,0
7,108858237873583,0
7,108858237873584,0
7,108858237873585,0
7,108858237873586,0
7,108858237873587,0
7,108858237873588,0
7,92866230073536,0
7,92866230073590,0
7,92866230073591,0
7,108858227473522,0
7,108858227473593,0
7,108858227473594,0
7,108858227473595,0
7,108858227473596,0
7,95863229073573,0
7,95863229073598,0
7,95863229073600,0
7,95863229073601,0
7,93867230373530,0
7,93867230373603,0
7,93867230373604,0
7,93867230373605,0
7,95863229073602,0
7,95863229073607,0
7,93867230373606,0
7,93867230373609,0
7,58836213473217,0
7,58836213473217,0
7,100865229773484,0
7,96864229473572,0
7,96864229473637,0
7,96864229473638,0
7,100865229773636,0
7,100865229773640,0
7,100865229773641,0
7,100865229773642,0
7,100865229773643,0
7,100865229773644,0
7,96864229473639,0
7,100865229773645,0
7,95863229073608,0
7,95863229073648,0
7,95863229073648,0
7,95863229073650,0
7,95863229073651,0
7,95863229073651,0
7,100865229773647,0
7,95863229073654,0
7,95863229073657,0
7,95863229073659,0
7,98868230673346,0
7,100865229773655,0
7,98868230673666,0
7,94860228473495,0
7,96864229473646,0
7,108858227473597,0
7,108858227473766,0
7,108858227473767,0
7,108858227473768,0
7,108858227473769,0
7,58859227872896,0
7,58859227873771,0
7,58859227873772,0
7,58859227873773,0
7,58859227873774,0
7,58859227873775,0
7,58859227873776,0
7,58859227873777,0
7,58859227873778,0
7,58859227873779,0
7,98868230673668,0
7,98868230673781,0
7,98868230673782,0
7,98868230673783,0
7,98868230673784,0
7,98868230673785,0
7,98868230673786,0
7,98868230673787,0
7,94860228473669,0
7,94860228473789,0
7,94860228473790,0
7,94860228473791,0
7,99869232073580,0
7,99869232073803,0
7,99869232073804,0
7,99869232073805,0
7,99869232073806,0
7,95863229073662,0
7,95863229073808,0
7,97862228773562,0
7,97862228773810,0
7,97862228773811,0
7,97862228773812,0
7,58859227873780,0
7,58859227873814,0
7,58859227873815,0
7,58859227873816,0
7,58859227873817,0
7,58859227873818,0
7,58859227873819,0
7,58859227873820,0
7,58859227873821,0
7,58859227873822,0
7,58859227873823,0
7,58859227873824,0
7,58859227873825,0
7,58859227873826,0
7,58859227873827,0
7,95863229073809,0
7,95863229073829,0
7,95863229073830,0
7,95863229073831,0
7,95863229073832,0
7,93867230373610,0
7,97862228773813,0
7,100865229773667,0
7,97862228773835,0
7,100865229773836,0
7,97862228773837,0
7,97862228773839,0
7,100865229773838,0
7,100865229773841,0
7,97862228773840,0
7,100865229773842,0
7,97862228773843,0
7,97862228773845,0
7,97862228773846,0
7,97862228773847,0
7,97862228773848,0
7,116878235173334,0
7,100865229773844,0
7,100865229773851,0
7,100865229773852,0
7,100865229773853,0
7,100865229773854,0
7,100865229773855,0
7,100865229773856,0
7,100865229773857,0
7,100865229773858,0
7,100865229773859,0
7,92866230073592,0
7,92866230073861,0
7,93867230373834,0
7,93867230373869,0
7,93867230373870,0
7,93867230373871,0
7,93867230373872,0
7,98868230673788,0
7,98868230673874,0
7,98868230673875,0
7,98868230673876,0
7,98868230673877,0
7,98868230673878,0
7,98868230673879,0
7,98868230673880,0
7,98868230673881,0
7,98868230673882,0
7,116878235173850,0
7,116878235173890,0
7,116878235173891,0
7,116878235173892,0
7,116878235173893,0
7,116878235173894,0
7,116878235173895,0
7,116878235173896,0
7,116878235173897,0
7,116878235173898,0
7,116878235173899,0
7,116878235173900,0
7,116878235173901,0
7,116878235173902,0
7,116878235173903,0
7,93867230373873,0
7,93867230373905,0
7,93867230373906,0
7,93867230373907,0
7,93867230373908,0
7,93867230373909,0
7,93867230373910,0
7,93867230373911,0
7,116878235173904,0
7,116878235173913,0
7,116878235173914,0
7,99869232073807,0
7,99869232073916,0
7,99869232073917,0
7,99869232073918,0
7,99869232073919,0
7,100865229773860,0
7,100865229773921,0
7,100865229773922,0
7,100865229773923,0
7,100865229773924,0
7,92866230073862,0
7,92866230073926,0
7,92866230073927,0
7,92866230073928,0
7,92866230073929,0
7,97862228773849,0
7,58859227973565,0
7,58859227973932,0
7,99869232073920,0
7,99869232073934,0
7,99869232073935,0
7,99869232073936,0
7,99869232073937,0
7,58859227873828,0
7,58859227873939,0
7,58859227873940,0
7,58859227873941,0
7,58859227873942,0
7,99869232073938,0
7,99869232073944,0
7,99869232073945,0
7,99869232073946,0
7,99869232073947,0
7,92866230073930,0
7,97862228773931,0
7,97862228773950,0
7,95863229073833,0
7,95863229073952,0
7,95863229073953,0
7,95863229073954,0
7,100865229773925,0
7,100865229773956,0
7,100865229773957,0
7,100865229773958,0
7,100865229773959,0
7,100865229773960,0
7,100865229773961,0
7,100865229773962,0
7,94860228473792,0
7,94860228473964,0
7,94860228473965,0
7,94860228473966,0
7,94860228473967,0
7,94860228473968,0
7,94860228473969,0
7,94860228473970,0
7,94860228473971,0
7,94860228473972,0
7,94860228473973,0
7,94860228473974,0
7,94860228473975,0
7,94860228473976,0
7,94860228473977,0
7,94860228473978,0
7,94860228473979,0
7,94860228473980,0
7,94860228473981,0
7,94860228473982,0
7,94860228473983,0
7,94860228473984,0
7,94860228473985,0
7,94860228473986,0
7,94860228473987,0
7,97862228773951,0
7,97862228773989,0
7,97862228773990,0
7,97862228773991,0
7,92866230073949,0
7,96864229473673,0
7,96864229473994,0
7,96864229473995,0
7,96864229473996,0
7,96864229473997,0
7,58859227973933,0
7,58859227973999,0
7,58859227974000,0
7,58859227974009,0
7,58859227974010,0
7,58859227974011,0
7,58859227974012,0
7,58859227873943,0
7,58859227874014,0
7,58859227874015,0
7,58859227874016,0
7,58859227874017,0
7,58859227874018,0
7,97862228773992,0
7,117879235673008,0
7,117879235674022,0
7,117879235674023,0
7,117879235674024,0
7,117879235674025,0
7,93867230373912,0
7,93867230374027,0
7,93867230374028,0
7,93867230374029,0
7,93867230374030,0
7,93867230374031,0
7,95863229073955,0
7,95863229074033,0
7,95863229074034,0
7,95863229074035,0
7,95863229074036,0
7,95863229074037,0
7,95863229074038,0
7,95863229074039,0
7,95863229074040,0
7,95863229074041,0
7,95863229074042,0
7,95863229074043,0
7,95863229074044,0
7,117879235674026,0
7,117879235674046,0
7,117879235674047,0
7,117879235674048,0
7,117879235674049,0
7,100865229773963,0
7,100865229774051,0
7,100865229774052,0
7,100865229774053,0
7,100865229774054,0
7,95863229074045,0
7,95863229074056,0
7,95863229074057,0
7,95863229074058,0
7,95863229074059,0
7,95863229074060,0
7,95863229074061,0
7,95863229074062,0
7,95863229074063,0
7,95863229074064,0
7,95863229074065,0
7,95863229074066,0
7,94860228473988,0
7,94860228474068,0
7,94860228474069,0
7,94860228474070,0
7,94860228474071,0
7,116878235173915,0
7,116878235174073,0
7,116878235174074,0
7,116878235174075,0
7,116878235174076,0
7,116878235174077,0
7,116878235174078,0
7,116878235174079,0
7,116878235174080,0
7,116878235174081,0
7,100865229774055,0
7,100865229774083,0
7,100865229774084,0
7,100865229774085,0
7,100865229774086,0
7,100865229774087,0
7,100865229774088,0
7,100865229774089,0
7,100865229774090,0
7,100865229774091,0
7,93867230374032,0
7,93867230374093,0
7,98868230673883,0
7,98868230674095,0
7,98868230674096,0
7,98868230674097,0
7,98868230674098,0
7,97862228774021,0
7,97862228774126,0
7,97862228774127,0
7,97862228774128,0
7,97862228774129,0
7,97862228774130,0
7,97862228774131,0
7,97862228774132,0
7,97862228774133,0
7,97862228774134,0
7,97862228774135,0
7,96864229473998,0
7,96864229474137,0
7,58859227874019,0
7,58859227874139,0
7,58859227874140,0
7,58859227874141,0
7,99869232073948,0
7,99869232074143,0
7,99869232074144,0
7,99869232074145,0
7,99869232074146,0
7,100865229774092,0
7,100865229774148,0
7,100865229774149,0
7,93867230374094,0
7,93867230374151,0
7,93867230374152,0
7,93867230374153,0
7,93867230374154,0
7,95863229074067,0
7,95863229074156,0
7,95863229074157,0
7,95863229074158,0
7,95863229074159,0
7,100865229774150,0
7,100865229774161,0
7,100865229774162,0
7,100865229774163,0
7,100865229774164,0
7,100865229774165,0
7,100865229774166,0
7,97862228774136,0
7,97862228774168,0
7,97862228774169,0
7,97862228774170,0
7,97862228774171,0
7,99869232074147,0
7,99869232074183,0
7,99869232074184,0
7,99869232074185,0
7,99869232074186,0
7,117879235674050,0
7,117879235674188,0
7,117879235674189,0
7,117879235674190,0
7,117879235674191,0
7,94860228474072,0
7,94860228474193,0
7,94860228474194,0
7,94860228474195,0
7,94860228474196,0
7,94860228474197,0
7,94860228474198,0
7,94860228474199,0
7,94860228474200,0
7,92866230073993,0
7,92866230074202,0
7,92866230074203,0
7,92866230074204,0
7,92866230074205,0
7,92866230074206,0
7,92866230074207,0
7,92866230074208,0
7,92866230074209,0
7,92866230074210,0
7,92866230074211,0
7,92866230074212,0
7,92866230074213,0
7,92866230074214,0
7,92866230074215,0
7,94860228474201,0
7,94860228474217,0
7,94860228474218,0
7,94860228474219,0
7,94860228474220,0
7,58836213473625,0
7,96864229474138,0
7,96864229474230,0
7,96864229474231,0
7,96864229474232,0
7,96864229474233,0
7,96864229474234,0
7,96864229474235,0
7,96864229474236,0
7,98868230674099,0
7,116878235174082,0
7,116878235174239,0
7,116878235174240,0
7,116878235174241,0
7,116878235174242,0
7,100865229774167,0
7,100865229774244,0
7,95863229074160,0
7,95863229074246,0
7,95863229074247,0
7,95863229074248,0
7,95863229074249,0
7,116878235174243,0
7,116878235174280,0
7,116878235174281,0
7,116878235174282,0
7,116878235174283,0
7,116878235174284,0
7,116878235174285,0
7,116878235174286,0
7,116878235174287,0
7,116878235174288,0
7,93867230374155,0
7,93867230374290,0
7,93867230374291,0
7,93867230374292,0
7,93867230374293,0
7,93867230374294,0
7,93867230374295,0
7,93867230374296,0
7,93867230374297,0
7,93867230374298,0
7,97862228774172,0
7,97862228774300,0
7,97862228774301,0
7,97862228774302,0
7,97862228774303,0
7,116878235174289,0
7,116878235174305,0
7,116878235174306,0
7,116878235174307,0
7,95863229074250,0
7,98868230674238,0
7,98868230674310,0
7,98868230674311,0
7,98868230674312,0
7,98868230674313,0
7,98868230674314,0
7,98868230674315,0
7,98868230674316,0
7,98868230674317,0
7,98868230674318,0
7,98868230674319,0
7,98868230674320,0
7,95863229074309,0
7,95863229074322,0
7,95863229074323,0
7,95863229074324,0
7,97862228774304,0
7,97862228774326,0
7,97862228774327,0
7,97862228774328,0
7,97862228774329,0
7,97862228774330,0
7,97862228774331,0
7,97862228774332,0
7,97862228774333,0
7,97862228774334,0
7,97862228774335,0
7,119881236572829,0
7,119881236574337,0
7,119881236574338,0
7,119881236574339,0
7,119881236574340,0
7,119881236574341,0
7,119881236574342,0
7,119881236574343,0
7,119881236574344,0
7,119881236574345,0
7,98868230674321,0
7,98868230674347,0
7,98868230674348,0
7,98868230674349,0
7,98868230674350,0
7,98868230674351,0
7,98868230674352,0
7,98868230674353,0
7,98868230674354,0
7,98868230674355,0
7,93867230374299,0
7,93867230374357,0
7,93867230374358,0
7,93867230374359,0
7,93867230374360,0
7,98868230674356,0
7,98868230674362,0
7,98868230674363,0
7,98868230674364,0
7,98868230674365,0
7,98868230674366,0
7,98868230674367,0
7,98868230674368,0
7,98868230674369,0
7,98868230674370,0
7,98868230674371,0
7,98868230674372,0
7,98868230674373,0
7,98868230674374,0
7,58859227874142,0
7,58859227874376,0
7,58859227874377,0
7,58859227874378,0
7,58859227874379,0
7,58859227974013,0
7,58859227974381,0
7,58859227974382,0
7,58859227974383,0
7,117879235674192,0
7,117879235674385,0
7,117879235674386,0
7,117879235674387,0
7,117879235674388,0
7,117879235674389,0
7,117879235674390,0
7,117879235674391,0
7,117879235674392,0
7,117879235674393,0
7,95863229074325,0
7,95863229074395,0
7,95863229074396,0
7,95863229074397,0
7,58859227974384,0
7,58859227974399,0
7,58859227974400,0
7,94860228474221,0
7,94860228474402,0
7,94860228474403,0
7,94860228474404,0
7,94860228474405,0
7,94860228474406,0
7,94860228474407,0
7,94860228474408,0
7,94860228474409,0
7,94860228474410,0
7,97862228774336,0
7,97862228774412,0
7,97862228774414,0
7,97862228774415,0
7,97862228774416,0
7,97862228774417,0
7,95863229074398,0
7,95863229074419,0
7,96864229474237,0
7,96864229474421,0
7,96864229474422,0
7,96864229474423,0
7,93867230374361,0
7,93867230374425,0
7,93867230374426,0
7,93867230374427,0
7,98868230674375,0
7,98868230674441,0
7,98868230674442,0
7,98868230674443,0
7,98868230674444,0
7,98868230674445,0
7,98868230674446,0
7,98868230674447,0
7,95863229074420,0
7,95863229074449,0
7,95863229074450,0
7,95863229074451,0
7,95863229074452,0
7,96864229474424,0
7,97862228774418,0
7,97862228774455,0
7,97862228774456,0
7,97862228774457,0
7,97862228774458,0
7,97862228774459,0
7,94860228474411,0
7,94860228474461,0
7,97862228774460,0
7,97862228774463,0
7,97862228774464,0
7,97862228774465,0
7,97862228774466,0
7,97862228774467,0
7,97862228774468,0
7,97862228774469,0
7,97862228774470,0
7,97862228774471,0
7,58859227974401,0
7,58859227974474,0
7,97862228774472,0
7,93867230374428,0
7,93867230374477,0
7,93867230374478,0
7,93867230374479,0
7,93867230374480,0
7,95863229074453,0
7,95863229074482,0
7,95863229074483,0
7,95863229074484,0
7,95863229074485,0
7,58859227974475,0
7,58859227974487,0
7,58859227974488,0
7,58859227974489,0
7,58859227974490,0
7,98868230674448,0
7,98868230674492,0
7,98868230674493,0
7,98868230674494,0
7,98868230674495,0
7,94860228474462,0
7,94860228474498,0
7,94860228474499,0
7,94860228474500,0
7,94860228474501,0
7,94860228474502,0
7,94860228474503,0
7,94860228474504,0
7,94860228474505,0
7,94860228474506,0
7,58859227874380,0
7,58859227874509,0
7,58859227874510,0
7,58859227874511,0
7,105855234573227,0
7,105855234574513,0
7,105855234574514,0
7,105855234574515,0
7,105855234574516,0
7,105855234574517,0
7,105855234574518,0
7,105855234574519,0
7,105855234574520,0
7,105855234574521,0
7,100865229774245,0
7,100865229774523,0
7,100865229774524,0
7,100865229774525,0
7,100865229774526,0
7,100865229774527,0
7,93867230374481,0
7,93867230374529,0
7,93867230374530,0
7,93867230374531,0
7,93867230374532,0
7,119881236574346,0
7,119881236574534,0
7,119881236574535,0
7,119881236574536,0
7,119881236574537,0
7,98868230674496,0
7,98868230674539,0
7,98868230674540,0
7,98868230674541,0
7,98868230674542,0
7,98868230674543,0
7,98868230674544,0
7,98868230674545,0
7,98868230674546,0
7,98868230674547,0
7,98868230674548,0
7,98868230674549,0
7,98868230674550,0
7,94860228474507,0
7,94860228474585,0
7,94860228474586,0
7,94860228474587,0
7,94860228474588,0
7,98868230674551,0
7,98868230674590,0
7,98868230674591,0
7,98868230674592,0
7,98868230674593,0
7,98868230674594,0
7,98868230674595,0
7,98868230674596,0
7,98868230674597,0
7,98868230674598,0
7,58859227874512,0
7,58859227874613,0
7,58859227874614,0
7,58859227874615,0
7,58859227874616,0
7,58859227874617,0
7,58859227874618,0
7,97862228774476,0
7,97862228774630,0
7,97862228774631,0
7,105855234574522,0
7,105855234574633,0
7,105855234574634,0
7,105855234574635,0
7,105855234574636,0
7,105855234574637,0
7,105855234574638,0
7,105855234574639,0
7,105855234574640,0
7,105855234574641,0
7,105855234574642,0
7,105855234574643,0
7,100865229774528,0
7,100865229774645,0
7,100865229774646,0
7,100865229774647,0
7,100865229774648,0
7,100865229774649,0
7,100865229774650,0
7,100865229774651,0
7,100865229774652,0
7,100865229774653,0
7,100865229774654,0
7,100865229774655,0
7,100865229774656,0
7,93867230374533,0
7,93867230374658,0
7,93867230374659,0
7,93867230374660,0
7,93867230374661,0
7,93867230374662,0
7,93867230374663,0
7,93867230374664,0
7,93867230374665,0
7,93867230374666,0
7,58859227974491,0
7,58859227974668,0
7,58859227974669,0
7,58859227974670,0
7,58859227974671,0
7,58859227974672,0
7,58859227974673,0
7,94860228474589,0
7,94860228474675,0
7,94860228474676,0
7,94860228474677,0
7,94860228474678,0
7,94860228474679,0
7,94860228474680,0
7,94860228474681,0
7,94860228474682,0
7,94860228474683,0
7,98868230674612,0
7,98868230674685,0
7,98868230674686,0
7,105855234574644,0
7,105855234574688,0
7,105855234574689,0
7,105855234574690,0
7,105855234574691,0
7,113874233472025,0
7,113874233474693,0
7,113874233474694,0
7,113874233474695,0
7,113874233474696,0
7,100865229774657,0
7,100865229774698,0
7,100865229774699,0
7,100865229774700,0
7,100865229774701,0
7,100865229774702,0
7,100865229774703,0
7,100865229774704,0
7,100865229774705,0
7,100865229774706,0
7,58859227974674,0
7,58859227974708,0
7,58859227974709,0
7,100865229774707,0
7,100865229774711,0
7,100865229774712,0
7,100865229774713,0
7,100865229774714,0
7,100865229774715,0
7,100865229774716,0
7,100865229774717,0
7,100865229774718,0
7,100865229774719,0
7,100865229774720,0
7,100865229774721,0
7,100865229774722,0
7,100865229774723,0
7,100865229774724,0
7,100865229774725,0
7,100865229774726,0
7,100865229774727,0
7,100865229774728,0
7,100865229774729,0
7,100865229774730,0
7,100865229774731,0
7,94860228474684,0
7,94860228474733,0
7,94860228474734,0
7,58859227874619,0
7,58859227874736,0
7,58859227874737,0
7,58859227874738,0
7,58859227874739,0
7,58859227874756,0
7,58859227874757,0
7,58859227874758,0
7,58859227874759,0
7,98868230674687,0
7,98868230674761,0
7,98868230674762,0
7,98868230674763,0
7,98868230674764,0
7,98868230674765,0
7,98868230674766,0
7,98868230674767,0
7,98868230674768,0
7,98868230674769,0
7,98868230674770,0
7,98868230674771,0
7,98868230674772,0
7,98868230674773,0
7,58859227974710,0
7,58859227974775,0
7,58859227974776,0
7,93867230374667,0
7,93867230374778,0
7,93867230374779,0
7,93867230374780,0
7,93867230374781,0
7,98868230674774,0
7,98868230674783,0
7,98868230674784,0
7,98868230674785,0
7,98868230674786,0
7,98868230674787,0
7,98868230674788,0
7,98868230674789,0
7,98868230674790,0
7,98868230674791,0
7,98868230674792,0
7,98868230674793,0
7,98868230674794,0
7,98868230674795,0
7,98868230674796,0
7,58859227974777,0
7,58859227974807,0
7,58859227974808,0
7,58859227974809,0
7,58859227974810,0
7,99869232074187,0
7,99869232074812,0
7,99869232074813,0
7,99869232074814,0
7,99869232074815,0
7,58859227974811,0
7,58859227974817,0
7,58859227974818,0
7,58859227974819,0
7,58859227974820,0
7,105855234574692,0
7,105855234574822,0
7,105855234574823,0
7,105855234574824,0
7,105855234574825,0
7,119881236574538,0
7,119881236574827,0
7,119881236574828,0
7,119881236574829,0
7,119881236574830,0
7,113874233474697,0
7,113874233474832,0
7,113874233474833,0
7,113874233474834,0
7,113874233474835,0
7,113874233474836,0
7,113874233474837,0
7,113874233474838,0
7,113874233474839,0
7,113874233474840,0
7,100865229774732,0
7,100865229774842,0
7,100865229774843,0
7,100865229774844,0
7,100865229774845,0
7,100865229774846,0
7,100865229774847,0
7,100865229774848,0
7,100865229774849,0
7,100865229774850,0
7,94860228474735,0
7,94860228474852,0
7,94860228474853,0
7,94860228474854,0
7,94860228474855,0
7,93867230374782,0
7,93867230374857,0
7,93867230374858,0
7,93867230374859,0
7,93867230374860,0
7,92866230074216,0
7,92866230074892,0
7,100865229774851,0
7,100865229774894,0
7,100865229774895,0
7,100865229774896,0
7,100865229774897,0
7,100865229774898,0
7,100865229774899,0
7,100865229774900,0
7,100865229774901,0
7,100865229774902,0
7,94860228474856,0
7,94860228474904,0
7,94860228474905,0
7,94860228474906,0
7,94860228474907,0
7,98868230674797,0
7,98868230674929,0
7,98868230674930,0
7,98868230674931,0
7,98868230674932,0
7,98868230674933,0
7,98868230674934,0
7,98868230674935,0
7,98868230674936,0
7,98868230674937,0
7,58859227974821,0
7,58859227974939,0
7,58859227974940,0
7,98868230674938,0
7,98868230674942,0
7,98868230674943,0
7,98868230674944,0
7,98868230674945,0
7,98868230674946,0
7,98868230674947,0
7,98868230674948,0
7,98868230674949,0
7,98868230674950,0
7,98868230674951,0
7,98868230674952,0
7,98868230674953,0
7,98868230674954,0
7,98868230674955,0
7,98868230674956,0
7,98868230674957,0
7,98868230674958,0
7,98868230674959,0
7,98868230674960,0
7,98868230674961,0
7,98868230674962,0
7,98868230674963,0
7,98868230674964,0
7,98868230674965,0
7,98868230674966,0
7,98868230674967,0
7,98868230674968,0
7,98868230674969,0
7,98868230674970,0
7,105855234574826,0
7,105855234574972,0
7,105855234574973,0
7,105855234574974,0
7,105855234574975,0
7,58859227874760,0
7,58859227874977,0
7,58859227874978,0
7,58859227874979,0
7,58859227874980,0
7,58859227874981,0
7,58859227874982,0
7,58859227874983,0
7,58859227874984,0
7,58859227874985,0
7,58859227974941,0
7,58859227974987,0
7,58859227974988,0
7,95863229074486,0
7,95863229074990,0
7,95863229074991,0
7,95863229074992,0
7,97862228774632,0
7,97862228774994,0
7,97862228774995,0
7,97862228774996,0
7,97862228774997,0
7,94860228474908,0
7,94860228474999,0
7,94860228475000,0
7,94860228475001,0
7,94860228475002,0
7,94860228475003,0
7,94860228475004,0
7,94860228475005,0
7,94860228475006,0
7,96885237571700,0
7,96885237575008,0
7,96885237575009,0
7,96885237575010,0
7,96885237575011,0
7,58859227974989,0
7,94860228475007,0
7,94860228475014,0
7,94860228475015,0
7,94860228475016,0
7,94860228475017,0
7,94860228475018,0
7,94860228475019,0
7,94860228475020,0
7,94860228475021,0
7,94860228475022,0
7,94860228475023,0
7,94860228475024,0
7,94860228475025,0
7,94860228475026,0
7,94860228475027,0
7,94860228475028,0
7,96864229474454,0
7,96864229475030,0
7,96864229475031,0
7,96864229475032,0
7,96864229475033,0
7,116878235174308,0
7,116878235175035,0
7,116878235175036,0
7,116878235175037,0
7,116878235175038,0
7,94860228475029,0
7,94860228475040,0
7,94860228475041,0
7,94860228475042,0
7,94860228475043,0
7,105855234574976,0
7,105855234575058,0
7,105855234575059,0
7,105855234575060,0
7,105855234575061,0
7,105855234575062,0
7,105855234575063,0
7,105855234575064,0
7,105855234575065,0
7,105855234575066,0
7,97862228774998,0
7,97862228775068,0
7,97862228775069,0
7,97862228775070,0
7,97862228775071,0
7,97862228775072,0
7,97862228775073,0
7,97862228775074,0
7,97862228775075,0
7,97862228775076,0
7,121882236973059,0
7,121882236975078,0
7,121882236975079,0
7,121882236975080,0
7,121882236975081,0
7,100865229774903,0
7,100865229775083,0
7,100865229775084,0
7,100865229775085,0
7,100865229775086,0
7,100865229775087,0
7,100865229775088,0
7,100865229775089,0
7,100865229775090,0
7,100865229775091,0
7,92866230074893,0
7,92866230075093,0
7,92866230075094,0
7,92866230075095,0
7,92866230075096,0
7,116878235175039,0
7,116878235175098,0
7,116878235175099,0
7,116878235175100,0
7,116878235175101,0
7,121882236975082,0
7,121882236975126,0
7,121882236975127,0
7,121882236975128,0
7,121882236975129,0
7,93867230374861,0
7,93867230375131,0
7,93867230375132,0
7,93867230375133,0
7,98868230674971,0
7,98868230675135,0
7,98868230675136,0
7,98868230675137,0
7,98868230675138,0
7,98868230675139,0
7,98868230675140,0
7,98868230675141,0
7,58859227975013,0
7,58859227975144,0
7,58859227975145,0
7,58859227975146,0
7,58859227975147,0
7,58859227975148,0
7,58859227975149,0
7,99869232074816,0
7,99869232075151,0
7,99869232075152,0
7,100865229775092,0
7,100865229775154,0
7,100865229775155,0
7,100865229775156,0
7,100865229775157,0
7,100865229775158,0
7,100865229775159,0
7,100865229775160,0
7,100865229775161,0
7,95863229074993,0
7,58836213474413,0
7,58836213475164,0
7,58836213475165,0
7,58836213475166,0
7,58836213475167,0
7,96864229475034,0
7,96864229475169,0
7,96864229475170,0
7,96864229475171,0
7,96864229475172,0
7,116878235175102,0
7,116878235175204,0
7,116878235175205,0
7,116878235175206,0
7,116878235175207,0
7,94860228475044,0
7,94860228475209,0
7,94860228475210,0
7,94860228475211,0
7,94860228475212,0
7,121882236975130,0
7,121882236975234,0
7,121882236975235,0
7,121882236975236,0
7,121882236975237,0
7,121882236975238,0
7,121882236975239,0
7,121882236975240,0
7,121882236975241,0
7,121882236975242,0
7,113874233474841,0
7,113874233475244,0
7,113874233475245,0
7,113874233475246,0
7,113874233475247,0
7,98868230675142,0
7,98868230675257,0
7,58859227874986,0
7,98868230675258,0
7,98868230675262,0
7,98868230675263,0
7,98868230675264,0
7,98868230675265,0
7,98868230675266,0
7,98868230675267,0
7,98868230675268,0
7,98868230675269,0
7,98868230675270,0
7,58859227975150,0
7,58859227975272,0
7,92866230075097,0
7,92866230075274,0
7,92866230075275,0
7,92866230075276,0
7,92866230075277,0
7,92866230075278,0
7,92866230075279,0
7,92866230075280,0
7,92866230075281,0
7,92866230075282,0
7,92866230075283,0
7,92866230075284,0
7,92866230075285,0
7,92866230075286,0
7,92866230075287,0
7,92866230075288,0
7,92866230075289,0
7,92866230075290,0
7,92866230075291,0
7,108858227473770,0
7,108858227475293,0
7,108858227475294,0
7,108858227475295,0
7,108858227475296,0
7,108858227475297,0
7,108858227475298,0
7,108858227475299,0
7,108858227475300,0
7,108858227475301,0
7,108858227475302,0
7,108858227475303,0
7,108858227475304,0
7,108858227475305,0
7,108858227475306,0
7,108858227475307,0
7,108858227475308,0
7,108858227475309,0
7,108858227475310,0
7,92866230075292,0
7,92866230075312,0
7,92866230075313,0
7,92866230075314,0
7,92866230075315,0
7,92866230075316,0
7,58859227975273,0
7,58859227975318,0
7,58859227975319,0
7,58859227975320,0
7,58859227975321,0
7,58859227975322,0
7,58859227975323,0
7,100865229775162,0
7,100865229775328,0
7,100865229775329,0
7,100865229775330,0
7,100865229775331,0
7,100865229775332,0
7,100865229775333,0
7,100865229775334,0
7,100865229775335,0
7,100865229775336,0
7,100865229775337,0
7,94860228475213,0
7,94860228475339,0
7,94860228475340,0
7,94860228475341,0
7,94860228475342,0
7,94860228475343,0
7,94860228475344,0
7,94860228475345,0
7,94860228475346,0
7,94860228475347,0
7,93867230375134,0
7,93867230375349,0
7,93867230375350,0
7,93867230375351,0
7,93867230375352,0
7,93867230375353,0
7,93867230375354,0
7,93867230375355,0
7,93867230375356,0
7,93867230375357,0
7,108858237873589,0
7,108858237875362,0
7,108858237875363,0
7,108858237875364,0
7,108858237875365,0
7,108858237875366,0
7,108858237875367,0
7,108858237875368,0
7,108858237875369,0
7,108858237875370,0
7,108858237875371,0
7,92866230075317,0
7,92866230075375,0
7,92866230075376,0
7,92866230075377,0
7,92866230075378,0
7,92866230075379,0
7,92866230075380,0
7,92866230075381,0
7,92866230075382,0
7,92866230075383,0
7,58836213475168,0
7,98868230675271,0
7,98868230675387,0
7,58859227875261,0
7,58859227875389,0
7,58859227875390,0
7,96864229475173,0
7,96864229475399,0
7,96864229475400,0
7,96864229475401,0
7,96864229475402,0
7,98868230675388,0
7,98868230675408,0
7,98868230675409,0
7,98868230675410,0
7,98868230675411,0
7,116878235175208,0
7,116878235175444,0
7,116878235175445,0
7,116878235175446,0
7,93867230375358,0
7,93867230375448,0
7,93867230375449,0
7,93867230375450,0
7,94860228475348,0
7,94860228475452,0
7,94860228475453,0
7,94860228475454,0
7,94860228475455,0
7,94860228475456,0
7,94860228475457,0
7,94860228475458,0
7,58859227875391,0
7,58859227875460,0
7,58859227975324,0
7,58859227975462,0
7,58859227975463,0
7,58859227975464,0
7,58859227975465,0
7,100865229775338,0
7,100865229775467,0
7,100865229775468,0
7,100865229775469,0
7,100865229775470,0
7,100865229775471,0
7,97862228775077,0
7,97862228775473,0
7,97862228775474,0
7,97862228775475,0
7,97862228775476,0
7,97862228775477,0
7,97862228775478,0
7,121882236975243,0
7,121882236975480,0
7,121882236975481,0
7,121882236975482,0
7,99869232075153,0
7,99869232075484,0
7,99869232075485,0
7,99869232075486,0
7,99869232075487,0
7,99869232075488,0
7,99869232075489,0
7,58859227875461,0
7,58859227875491,0
7,58859227875492,0
7,58859227875493,0
7,58859227875494,0
7,94860228475459,0
7,94860228475496,0
7,94860228475497,0
7,94860228475498,0
7,94860228475499,0
7,94860228475500,0
7,94860228475501,0
7,94860228475502,0
7,94860228475503,0
7,94860228475504,0
7,94860228475505,0
7,94860228475506,0
7,94860228475507,0
7,94860228475508,0
7,94860228475509,0
7,94860228475510,0
7,94860228475511,0
7,94860228475512,0
7,94860228475513,0
7,94860228475514,0
7,94860228475515,0
7,94860228475516,0
7,94860228475517,0
7,94860228475518,0
7,94860228475519,0
7,94860228475520,0
7,93867230375451,0
7,93867230375522,0
7,93867230375523,0
7,93867230375524,0
7,93867230375525,0
7,93867230375526,0
7,93867230375527,0
7,93867230375528,0
7,93867230375529,0
7,93867230375530,0
7,58859227975466,0
7,58859227975532,0
7,58859227975533,0
7,58859227975534,0
7,58859227975535,0
7,97862228775479,0
7,97862228775537,0
7,97862228775538,0
7,97862228775539,0
7,97862228775540,0
7,97862228775541,0
7,97862228775543,0
7,97862228775544,0
7,97862228775545,0
7,97862228775546,0
7,95863229075163,0
7,95863229075548,0
7,95863229075549,0
7,95863229075550,0
7,116878235175447,0
7,116878235175552,0
7,116878235175553,0
7,113874233475248,0
7,113874233475556,0
7,113874233475557,0
7,113874233475558,0
7,113874233475559,0
7,93867230375531,0
7,93867230375561,0
7,93867230375562,0
7,93867230375563,0
7,93867230375564,0
7,58859227875495,0
7,94860228475521,0
7,94860228475567,0
7,94860228475568,0
7,94860228475569,0
7,94860228475570,0
7,98868230675412,0
7,98868230675572,0
7,98868230675573,0
7,98868230675574,0
7,98868230675575,0
7,98868230675576,0
7,98868230675577,0
7,98868230675578,0
7,98868230675579,0
7,98868230675580,0
7,96864229475403,0
7,96864229475586,0
7,58859227875566,0
7,100865229775472,0
7,100865229775626,0
7,100865229775627,0
7,100865229775628,0
7,99869232075490,0
7,99869232075630,0
7,99869232075631,0
7,99869232075632,0
7,99869232075633,0
7,117879235674394,0
7,117879235675635,0
7,117879235675636,0
7,117879235675637,0
7,117879235675638,0
7,97862228775547,0
7,97862228775640,0
7,97862228775641,0
7,97862228775642,0
7,97862228775643,0
7,58859227975536,0
7,58859227975645,0
7,97862228775644,0
7,97862228775647,0
7,97862228775648,0
7,97862228775649,0
7,97862228775650,0
7,94860228475571,0
7,94860228475652,0
7,94860228475653,0
7,94860228475654,0
7,94860228475655,0
7,100865229775629,0
7,97862228775651,0
7,97862228775677,0
7,97862228775678,0
7,97862228775679,0
7,97862228775680,0
7,94860228475656,0
7,94860228475683,0
7,94860228475684,0
7,94860228475685,0
7,94860228475686,0
7,100865229775657,0
7,100865229775688,0
7,100865229775689,0
7,100865229775690,0
7,100865229775691,0
7,113874233475560,0
7,113874233475693,0
7,113874233475694,0
7,113874233475695,0
7,113874233475696,0
7,99869232075634,0
7,99869232075731,0
7,99869232075732,0
7,99869232075733,0
7,99869232075734,0
7,58859227875623,0
7,58859227875736,0
7,58859227875737,0
7,58859227875738,0
7,58859227875739,0
7,58859227875740,0
7,58859227875741,0
7,58859227875742,0
7,58859227875743,0
7,58859227875744,0
7,58859227975646,0
7,58859227975746,0
7,58859227975747,0
7,58859227975748,0
7,58859227975749,0
7,58859227975750,0
7,58859227875745,0
7,58859227875752,0
7,58859227875753,0
7,58859227875754,0
7,58859227875755,0
7,58859227875756,0
7,94860228475687,0
7,94860228475758,0
7,94860228475759,0
7,94860228475760,0
7,94860228475761,0
7,99869232075735,0
7,99869232075763,0
7,99869232075764,0
7,99869232075765,0
7,99869232075766,0
7,99869232075767,0
7,99869232075768,0
7,99869232075769,0
7,99869232075770,0
7,99869232075771,0
7,117879235675639,0
7,117879235675773,0
7,117879235675774,0
7,117879235675775,0
7,117879235675776,0
7,96864229475589,0
7,96864229475782,0
7,96864229475783,0
7,96864229475784,0
7,97862228775681,0
7,97862228775786,0
7,58859227975751,0
7,58859227975788,0
7,58859227975789,0
7,58859227975790,0
7,58859227975791,0
7,58859227875757,0
7,58859227875793,0
7,58859227875794,0
7,58859227875795,0
7,58859227875796,0
7,96864229475785,0
7,96864229475798,0
7,96864229475799,0
7,96864229475800,0
7,96864229475801,0
7,58859227875797,0
7,58859227875803,0
7,58859227875804,0
7,58859227875805,0
7,58859227875806,0
7,58859227875807,0
7,58859227875808,0
7,99869232075772,0
7,99869232075810,0
7,99869232075811,0
7,99869232075812,0
7,99869232075813,0
7,58859227875809,0
7,58859227975792,0
7,58859227975816,0
7,58859227975817,0
7,58859227975818,0
7,58859227975819,0
7,58859227975820,0
7,121882236975483,0
7,121882236975822,0
7,121882236975823,0
7,121882236975824,0
7,121882236975825,0
7,121882236975826,0
7,121882236975827,0
7,58859227975821,0
7,58859227975829,0
7,96864229475802,0
7,96864229475831,0
7,96864229475832,0
7,96864229475833,0
7,94860228475762,0
7,94860228475843,0
7,94860228475844,0
7,94860228475845,0
7,58836213475385,0
7,121882236975828,0
7,121882236975849,0
7,119881236574831,0
7,119881236575851,0
7,119881236575852,0
7,119881236575853,0
7,119881236575854,0
7,94860228475846,0
7,94860228475856,0
7,94860228475859,0
7,94860228475860,0
7,94860228475861,0
7,94860228475862,0
7,94860228475863,0
7,94860228475864,0
7,58859227875815,0
7,58859227875866,0
7,58859227875867,0
7,58859227875868,0
7,58859227875869,0
7,58859227875870,0
7,58859227875871,0
7,58859227875872,0
7,58859227875873,0
7,100865229775692,0
7,100865229775875,0
7,100865229775876,0
7,94860228475865,0
7,94860228475890,0
7,94860228475891,0
7,94860228475892,0
7,94860228475893,0
7,58859227875874,0
7,58859227875895,0
7,58859227875896,0
7,58859227875897,0
7,58859227875898,0
7,58859227875899,0
7,58859227875900,0
7,58859227875901,0
7,58859227875902,0
7,58859227875903,0
7,58859227875904,0
7,58859227875905,0
7,58859227875906,0
7,58859227875907,0
7,58859227875908,0
7,58859227875909,0
7,58859227875910,0
7,58859227875911,0
7,58859227875912,0
7,58859227875913,0
7,58859227975830,0
7,58859227975915,0
7,58859227975916,0
7,98868230675581,0
7,98868230675918,0
7,98868230675919,0
7,98868230675920,0
7,98868230675921,0
7,98868230675922,0
7,98868230675923,0
7,98868230675924,0
7,98868230675925,0
7,98868230675926,0
7,98868230675927,0
7,98868230675928,0
7,98868230675929,0
7,58859227975917,0
7,58859227975931,0
7,58859227975932,0
7,58859227975933,0
7,58859227875914,0
7,58859227875935,0
7,58859227975934,0
7,58859227975937,0
7,121882236975850,0
7,58859227875936,0
7,58859227875943,0
7,58859227975938,0
7,58859227975945,0
7,58859227975946,0
7,58859227875944,0
7,58859227875948,0
7,58859227975947,0
7,58859227975950,0
7,58859227975951,0
7,58859227875949,0
7,99869232075814,0
7,99869232075956,0
7,99869232075957,0
7,99869232075958,0
7,99869232075959,0
7,99869232075960,0
7,99869232075961,0
7,99869232075962,0
7,99869232075963,0
7,99869232075964,0
7,117879235675777,0
7,117879235675966,0
7,117879235675967,0
7,117879235675968,0
7,117879235675969,0
7,117879235675970,0
7,117879235675971,0
7,117879235675972,0
7,117879235675973,0
7,117879235675974,0
7,117879235675975,0
7,117879235675976,0
7,117879235675977,0
7,117879235675978,0
7,117879235675979,0
7,99869232075965,0
7,99869232075981,0
7,99869232075982,0
7,99869232075983,0
7,99869232075984,0
7,99869232075985,0
7,99869232075986,0
7,99869232075987,0
7,99869232075988,0
7,99869232075989,0
7,99869232075990,0
7,99869232075991,0
7,99869232075992,0
7,99869232075993,0
7,99869232075994,0
7,99869232075995,0
7,99869232075996,0
7,99869232075997,0
7,99869232075998,0
7,99869232075999,0
7,99869232076000,0
7,99869232076001,0
7,99869232076002,0
7,99869232076003,0
7,99869232076004,0
7,117879235675980,0
7,117879235676006,0
7,117879235676007,0
7,117879235676008,0
7,117879235676009,0
7,93867230375565,0
7,93867230376012,0
7,94860228475894,0
7,100865229775877,0
7,98868230675930,0
7,98868230676019,0
7,92866230075384,0
7,92866230076024,0
7,92866230076025,0
7,92866230076026,0
7,92866230076027,0
7,98868230676020,0
7,98868230676058,0
7,98868230676059,0
7,98868230676060,0
7,98868230676061,0
7,58859227975952,0
7,58859227976093,0
7,92866230076028,0
7,92866230076104,0
7,92866230076105,0
7,92866230076106,0
7,92866230076107,0
7,92866230076108,0
7,58859227976094,0
7,58859227976110,0
7,58859227976111,0
7,94860228476016,0
7,94860228476118,0
7,94860228476119,0
7,94860228476120,0
7,94860228476121,0
7,94860228476122,0
7,94860228476123,0
7,94860228476124,0
7,94860228476125,0
7,94860228476126,0
7,94860228476127,0
7,94860228476128,0
7,94860228476129,0
7,94860228476130,0
7,98868230676062,0
7,98868230676132,0
7,98868230676133,0
7,98868230676134,0
7,98868230676135,0
7,98868230676136,0
7,100865229776017,0
7,92866230076109,0
7,119881236575855,0
7,119881236576142,0
7,119881236576143,0
7,119881236576144,0
7,119881236576145,0
7,95863229075551,0
7,95863229076147,0
7,95863229076148,0
7,95863229076149,0
7,95863229076150,0
7,116878235175554,0
7,93867230376013,0
7,58836213475847,0
7,95863229076151,0
7,95863229076204,0
7,95863229076205,0
7,58836213476203,0
7,100865229776138,0
7,93867230376202,0
7,93867230376219,0
7,93867230376220,0
7,93867230376221,0
7,93867230376222,0
7,92866230076139,0
